param_0,entry_name,params,signal_id,总月份数,有效月份数,总信号数量,总信号密度,score,w20_有效信号数,w20_平均收益%,w20_收益标准差%,w20_胜率%,w20_盈亏比,w20_稳定性,w20_收益衰减率%,w20_score,w40_有效信号数,w40_平均收益%,w40_收益标准差%,w40_胜率%,w40_盈亏比,w40_稳定性,w40_收益衰减率%,w40_score,w60_有效信号数,w60_平均收益%,w60_收益标准差%,w60_胜率%,w60_盈亏比,w60_稳定性,w60_收益衰减率%,w60_score,param_1,param_2,param_3
130.0,rsi_crossover50,[130],rsi_crossover50^130,4,3,104,0.019,-0.0781,103,-0.082,0.788,41.748,1.06,0.104,0.0,-0.082,103,-0.065,1.143,41.748,1.204,0.057,0.0,-0.065,103,-0.088,1.352,34.951,1.577,0.065,0.0,-0.088,,,
8.0,rsi_crossover50,[8],rsi_crossover50^8,4,4,390,0.072,-0.049300000000000004,389,-0.047,0.732,48.329,0.895,0.064,0.0,-0.047,386,-0.068,1.022,44.041,1.069,0.067,-4300.0,-0.068,384,-0.027,1.185,42.969,1.25,0.023,-614.4104803493449,-0.027,,,
8.0,price_crossover_ema,[8],price_crossover_ema^8,4,4,547,0.101,-0.045200000000000004,546,-0.033,0.714,48.168,0.945,0.046,0.0,-0.033,542,-0.067,1.015,44.28,1.057,0.066,0.0,-0.067,538,-0.043,1.214,42.751,1.221,0.035,-815.5688622754491,-0.043,,,
70.0,second_wave_trend_1,[70],second_wave_trend_1^70,4,1,33,0.006,-0.036118678815489746,29,0.14,0.878,51.724,1.349,0.159,-1.0,0.09956264236902052,29,-0.029,0.806,41.379,1.281,0.036,-1.0,-0.029,29,-0.386,0.747,20.69,0.93,0.517,-1.0,-0.386,,,
6.0,price_crossover_ema,[6],price_crossover_ema^6,4,4,631,0.117,-0.035300000000000005,629,-0.021,0.727,48.649,0.972,0.029,-1934.4827586206898,-0.021,625,-0.05,1.017,45.12,1.067,0.049,-3677.7777777777787,-0.05,620,-0.049,1.219,43.871,1.152,0.04,-826.7857142857142,-0.049,,,
14.0,price_crossover_sma,[14],price_crossover_sma^14,4,4,391,0.073,-0.0346,389,-0.032,0.704,47.558,0.97,0.045,-1403.076923076923,-0.032,387,-0.046,1.006,43.669,1.141,0.046,-1069.7674418604652,-0.046,384,-0.024,1.207,42.188,1.3,0.02,-577.2563176895308,-0.024,,,
6.0,price_crossover_sma,[6],price_crossover_sma^6,4,4,647,0.12,-0.0311,646,-0.018,0.724,47.988,1.009,0.025,-2285.7142857142862,-0.018,643,-0.049,1.014,46.034,1.032,0.048,-4226.08695652174,-0.049,640,-0.037,1.24,43.594,1.197,0.03,-714.516129032258,-0.037,,,
18.0,second_wave_trend_2,[18],second_wave_trend_2^18,4,4,155,0.029,-0.015219448324022344,155,0.025,0.716,49.032,1.139,0.035,-816.9230769230769,0.017561103351955307,152,-0.076,1.316,40.132,1.282,0.058,0.0,-0.076,150,-0.006,1.39,42.0,1.364,0.004,0.0,-0.006,,,
200.0,adx_plus_crossover_minus,[200],adx_plus_crossover_minus^200,4,3,56,0.01,-0.014889526898092708,56,-0.072,0.773,42.857,1.011,0.093,0.0,-0.072,56,0.042,1.07,51.786,1.039,0.039,-332.2147651006711,0.02951540186915888,56,0.087,1.397,41.071,1.684,0.062,-214.35185185185182,0.06127926270579812,,,
16.0,rsi_fast_crossover_slow,[16 32],rsi_fast_crossover_slow^16^32,4,4,326,0.06,0.008489112061056308,326,0.005,0.65,50.307,1.009,0.008,-569.5652173913046,0.0035026923076923082,324,0.03,1.07,49.691,1.092,0.028,-380.1724137931035,0.021058878504672893,324,0.003,1.231,45.062,1.227,0.002,-499.54128440366964,0.0021005117790414292,32,,
10.0,second_wave_trend_2,[10],second_wave_trend_2^10,4,4,168,0.031,0.010022348304743174,168,0.018,0.631,51.19,1.033,0.029,-635.1562500000001,0.01263594294770206,167,-0.02,1.137,44.91,1.172,0.018,-2682.8571428571413,-0.02,163,0.069,1.502,50.307,1.11,0.046,-717.5342465753425,0.048521884154460716,,,
190.0,adx_plus_crossover_minus,[190],adx_plus_crossover_minus^190,4,4,60,0.011,0.012131847862450498,60,-0.059,0.794,40.0,1.214,0.074,0.0,-0.059,60,0.089,1.147,53.333,1.081,0.078,-103.7735849056604,0.06278340889276374,60,0.161,1.413,40.0,2.027,0.114,-117.39130434782608,0.11398412597310686,,,
220.0,price_crossover_sma_2,[220],price_crossover_sma_2^220,4,3,70,0.013,0.019898200330416692,70,0.018,0.59,50.0,1.081,0.031,1480.0,0.023471389830508477,70,-0.0,0.774,48.571,1.059,0.0,-1293.3333333333333,-0.0,70,0.058,1.108,47.143,1.289,0.052,-247.94520547945203,0.040812527075812274,,,
210.0,price_crossover_sma_2,[210],price_crossover_sma_2^210,4,3,57,0.011,0.024163364197530884,57,0.098,0.648,52.632,1.323,0.151,222.88732394366195,0.12932672839506176,57,-0.053,0.786,49.123,0.868,0.067,0.0,-0.053,57,-0.123,1.103,36.842,1.27,0.112,0.0,-0.123,,,
55.0,rvi_crossover_signal,[55 33],rvi_crossover_signal^55^33,4,4,331,0.061,0.030070661754639513,331,0.014,0.648,47.432,1.174,0.022,-356.55737704918033,0.00982117283950617,329,0.079,1.02,47.416,1.367,0.077,-133.71428571428572,0.05572830392156863,328,0.06,1.212,47.561,1.255,0.05,-159.87460815047024,0.042207920792079204,33,,
45.0,rvi_crossover_signal,[45 41],rvi_crossover_signal^45^41,4,4,322,0.06,0.032249942410029264,322,0.021,0.655,48.447,1.159,0.032,-298.0519480519481,0.014747129770992365,320,0.079,1.027,47.188,1.379,0.077,-142.93628808864264,0.055725384615384614,319,0.058,1.215,47.962,1.23,0.048,-144.26751592356686,0.04079381069958848,41,,
25.0,emacd_start_increase,[25 55],emacd_start_increase^25^55,4,4,345,0.064,0.03648737874892412,345,0.03,0.721,49.565,1.144,0.042,-317.9347826086957,0.0210873786407767,342,0.086,1.04,48.83,1.307,0.083,-126.35869565217392,0.060697807692307676,342,0.055,1.233,45.906,1.326,0.045,-233.7313432835821,0.03867173560421735,55,,
130.0,supertrend_long_signal,[130.    2.9],supertrend_long_signal^130.0^2.8999999999999995,4,4,70,0.013,0.04354214496731293,70,0.079,0.672,52.857,1.258,0.118,0.9404388714733543,0.10247914287580234,70,0.01,0.816,47.143,1.156,0.012,-385.71428571428584,0.0070085784313725485,70,-0.049,1.048,45.714,1.048,0.047,-3387.500000000001,-0.049,2.8999999999999995,,
30.0,emacd_start_increase,[30 72],emacd_start_increase^30^72,4,4,265,0.049,0.04460884608087999,265,0.042,0.641,51.698,1.121,0.066,-137.7272727272727,0.02959263650546022,263,0.112,1.052,51.711,1.248,0.106,-98.83720930232558,0.07923467680608365,262,0.043,1.17,46.183,1.283,0.037,-243.69973190348526,0.030210623931623926,72,,
90.0,supertrend_long_signal,[90.   3.1],supertrend_long_signal^90.0^3.0999999999999996,4,4,62,0.011,0.057170700246592515,62,0.08,0.68,50.0,1.414,0.118,11.073825503355703,0.10522352941176472,62,0.019,0.869,46.774,1.204,0.022,-308.40000000000003,0.013329079401611047,62,0.004,1.058,48.387,1.078,0.004,-405.6122448979592,0.0028010586011342153,3.0999999999999996,,
240.0,rvi_crossover0,[240 'SMA'],rvi_crossover0^240^SMA,4,4,50,0.009,0.05819971280127617,48,0.093,0.653,47.917,1.732,0.142,-134.70483005366725,0.06602715160796324,48,0.115,0.827,60.417,0.96,0.139,-168.62527716186256,0.08161940749697703,47,0.005,1.112,42.553,1.368,0.004,-255.6213017751479,0.003501573741007194,SMA,,
160.0,rvi_crossover0,[160 'EMA'],rvi_crossover0^160^EMA,4,4,102,0.019,0.058874456233030344,99,0.075,0.788,47.475,1.46,0.095,262.2754491017964,0.09842798223350255,99,0.04,1.032,45.455,1.33,0.039,11.39240506329114,0.052201550387596905,99,-0.03,1.225,37.374,1.571,0.024,0.0,-0.03,EMA,,
10.0,second_wave_trend_1,[10],second_wave_trend_1^10,4,3,63,0.012,0.06021746386217908,63,0.059,0.746,57.143,0.93,0.079,-302.6431718061674,0.041626635388739945,63,0.078,1.205,41.27,1.697,0.065,-469.2513368983957,0.05495342738589211,62,0.162,1.543,54.839,1.078,0.105,-362.0111731843576,0.11459058976020739,,,
230.0,rsi_fast_crossover_slow,[230 506],rsi_fast_crossover_slow^230^506,4,3,79,0.015,0.06276872149757144,79,0.041,0.928,41.772,1.573,0.044,24.358974358974358,0.053535484913793105,79,0.083,1.086,45.57,1.463,0.076,34.55497382198953,0.10872465009208104,79,0.013,1.226,34.177,1.983,0.011,365.51724137931035,0.016917920065252855,506,,
10.0,kc_price_crossover_low,[10.   6.   2.1],kc_price_crossover_low^10.0^6.0^2.0999999999999996,4,2,31,0.006,0.12841477950355595,31,0.217,0.573,61.29,1.604,0.379,-1.0,0.15765258289703313,31,0.114,0.733,54.839,1.23,0.156,-1.0,0.08104109140518417,31,0.177,0.884,45.161,2.074,0.2,-1.0,0.12638080316742079,6.0,2.0999999999999996,
220.0,roc_crossover0,[220],roc_crossover0^220,4,4,91,0.017,0.14373781907944239,91,0.067,0.758,56.044,0.983,0.088,462.6666666666667,0.08786988126649078,91,0.116,0.916,53.846,1.154,0.127,313.6708860759494,0.15270969432314413,91,0.204,1.139,49.451,1.585,0.179,267.9216867469879,0.26994985074626865,,,
90.0,mass_crossunder1,[90 81],mass_crossunder1^90^81,4,4,50,0.009,0.14669304842714284,50,0.163,0.559,56.0,1.721,0.292,122.5433526011561,0.2180788372093023,50,0.087,1.079,46.0,1.448,0.081,-107.08446866485014,0.061391037998146415,50,0.136,1.319,42.0,1.817,0.103,-128.80613362541072,0.09618159211523881,81,,
18.0,kc_price_crossover_low,[18.  22.   3.7],kc_price_crossover_low^18.0^22.0^3.6999999999999993,4,0,16,0.003,0.15901657420710652,16,0.225,0.631,62.5,1.435,0.357,-1.0,0.16311608557844692,16,0.292,0.764,68.75,1.135,0.382,-1.0,0.21221214659685864,16,0.097,0.613,50.0,1.448,0.158,-1.0,0.06897443719412723,22.0,3.6999999999999993,
100.0,mass_crossunder1,[100  70],mass_crossunder1^100^70,4,3,49,0.009,0.16850771394516803,49,0.184,0.573,63.265,1.399,0.321,107.88643533123027,0.24688111692844678,49,0.113,1.103,44.898,1.603,0.102,-93.45372460496615,0.07991036264732547,49,0.149,1.328,44.898,1.653,0.112,-114.22018348623853,0.10547023343373493,70,,
140.0,sma_fast_crossover_slow_3,[140 392],sma_fast_crossover_slow_3^140^392,4,0,18,0.003,0.17359185192497337,18,0.269,1.083,44.444,2.926,0.248,-1.0,0.1929770729455217,18,0.243,1.292,44.444,2.136,0.188,-1.0,0.1732992492260062,17,0.177,1.315,35.294,2.629,0.135,-1.0,0.12556770342205323,392,,
150.0,sma_fast_crossover_slow_3,[150 390],sma_fast_crossover_slow_3^150^390,4,0,20,0.004,0.18173033998323052,20,0.223,0.971,45.0,2.464,0.23,-1.0,0.1596849948506694,20,0.269,1.24,55.0,1.438,0.217,-1.0,0.19238489516129034,19,0.308,1.262,52.632,1.634,0.244,-1.0,0.22086187004754354,390,,
230.0,emacd_histogram_start_increase,[230 644 230],emacd_histogram_start_increase^230^644^230,4,4,75,0.014,0.18947388062028148,75,0.094,0.902,52.0,1.27,0.104,-66.77265500794913,0.06648572062084257,75,0.196,1.124,53.333,1.409,0.174,38.53904282115869,0.25924313167259794,75,0.295,1.287,61.333,1.183,0.229,60.95829636202308,0.392290404040404,644,230,
140.0,mass_crossover1,[140  42],mass_crossover1^140^42,4,3,44,0.008,0.19806134119630747,44,0.105,0.54,50.0,1.727,0.194,20.503597122302157,0.13915416666666666,44,0.2,0.718,61.364,1.349,0.279,70.29520295202954,0.2672423398328691,44,0.336,1.243,56.818,1.651,0.27,-33.760683760683754,0.24155777956556715,42,,
130.0,mass_crossover1,[130  65],mass_crossover1^130^65,4,2,37,0.007,0.205231644255635,37,0.201,0.59,54.054,2.091,0.341,-1.0,0.14549333898305084,37,0.323,0.712,70.27,1.456,0.454,-1.0,0.23635706460674158,37,0.425,1.217,67.568,1.306,0.349,-1.0,0.30788927691043544,65,,
110.0,smacd_histogram_start_increase_2,[110 154  99],smacd_histogram_start_increase_2^110^154^99,4,4,79,0.015,0.21022298589632749,79,0.131,0.766,53.165,1.452,0.171,4.183266932270916,0.1732124412532637,79,0.188,1.117,49.367,1.624,0.168,19.70802919708029,0.24851344673231873,78,0.186,1.28,48.718,1.557,0.145,14.332784184514002,0.24531365625,154,99,
220.0,emacd_histogram_start_increase,[220 572 264],emacd_histogram_start_increase^220^572^264,4,4,78,0.014,0.22931054758484534,78,0.121,0.889,55.128,1.23,0.136,-58.753709198813056,0.0858528346456693,78,0.209,1.091,53.846,1.46,0.192,39.71631205673759,0.2769048854262145,78,0.386,1.312,61.538,1.432,0.294,51.832460732984295,0.5165633231707317,572,264,
230.0,roc_crossover0,[230],roc_crossover0^230,4,3,79,0.015,0.22943155807081844,79,0.168,0.761,63.291,1.02,0.221,141.8543046357616,0.2232214454664915,79,0.163,0.95,55.696,1.209,0.172,46.95340501792115,0.21553575789473683,79,0.201,1.167,51.899,1.445,0.172,193.08323563892145,0.26580053984575835,,,
200.0,smacd_start_increase,[200 560],smacd_start_increase^200^560,4,3,55,0.01,0.25241121437015657,55,0.236,0.609,63.636,1.538,0.388,-23.57142857142857,0.17160183908045973,55,0.384,0.874,70.909,1.224,0.439,-4.506858262573481,0.2806099771167048,55,0.562,1.18,60.0,2.251,0.476,-13.125845737483086,0.4121365084745763,560,,
190.0,emacd_histogram_start_increase_2,[190 456 247],emacd_histogram_start_increase_2^190^456^247,4,3,59,0.011,0.2585426405553691,59,0.203,0.836,57.627,1.393,0.243,50.847457627118644,0.27030809808612444,59,0.226,1.107,47.458,1.88,0.204,-11.049107142857142,0.16142973803071364,59,0.282,1.261,44.068,2.206,0.224,65.22864538395167,0.37479835051546384,456,247,
200.0,emacd_histogram_start_increase_2,[200 400 160],emacd_histogram_start_increase_2^200^400^160,4,3,60,0.011,0.28211973406667284,60,0.206,0.818,58.333,1.377,0.252,44.073455759599334,0.27454410757946207,60,0.251,1.109,50.0,1.798,0.226,35.67961165048544,0.3336851487826872,60,0.17,1.386,38.333,2.172,0.123,152.50463821892396,0.22371067821067822,400,160,
160.0,stoch_d_crossover50,[160 128 144],stoch_d_crossover50^160^128^144,4,0,9,0.002,0.2904992103705151,9,0.455,0.677,66.667,2.94,0.672,-1.0,0.33990583456425405,9,0.377,1.123,66.667,1.114,0.336,-1.0,0.2727593321460374,9,0.268,0.839,55.556,1.73,0.319,-1.0,0.19359246722288437,128,144,
180.0,smacd_histogram_start_increase,[180 288 144],smacd_histogram_start_increase^180^288^144,4,4,73,0.014,0.30303534662954346,72,0.154,0.528,61.111,1.412,0.292,136.85393258426964,0.20603916666666663,72,0.324,0.934,68.056,1.231,0.347,97.97047970479704,0.43581122055674526,71,0.261,1.254,54.93,1.459,0.208,8.108108108108107,0.34636198564593307,288,144,
230.0,smacd_start_increase,[230 552],smacd_start_increase^230^552,4,2,44,0.008,0.30466903862211364,44,0.25,0.625,63.636,1.851,0.4,-1.0,0.182,44,0.476,0.755,70.455,2.237,0.63,-1.0,0.35420704635761585,44,0.727,1.315,65.909,2.53,0.553,-1.0,0.5370346235741444,552,,
90.0,smacd_histogram_start_increase_2,[ 90 198  54],smacd_histogram_start_increase_2^90^198^54,4,4,85,0.016,0.3077141986855267,84,0.127,0.813,60.714,1.029,0.156,138.32335329341316,0.1676790528905289,84,0.249,1.086,59.524,1.223,0.229,10.188679245283017,0.3311218508287293,84,0.464,1.436,58.333,1.634,0.323,46.65354330708661,0.6226905849582173,198,54,
200.0,kdj_k_crossover_d,[200 180 100],kdj_k_crossover_d^200^180^100,4,0,16,0.003,0.31299242796453625,16,0.361,0.851,75.0,1.665,0.424,-1.0,0.26341970622796707,16,0.424,0.989,62.5,1.861,0.429,-1.0,0.3095242871587462,16,0.606,1.434,56.25,2.206,0.423,-1.0,0.44212644351464425,180,100,
230.0,kdj_k_crossover_d_2,[230 207 207  20],kdj_k_crossover_d_2^230^207^207^20,4,0,5,0.001,0.3134088283016926,5,0.118,0.784,40.0,2.276,0.151,-1.0,0.08384321428571428,5,0.691,1.207,60.0,4.069,0.572,-1.0,0.5113915244407621,5,0.796,1.338,60.0,3.554,0.595,-1.0,0.5903488191330343,207,207,20
250.0,kdj_k_crossover50,[250 225],kdj_k_crossover50^250^225,4,0,9,0.002,0.3210321226035642,9,0.284,0.375,77.778,1.586,0.757,-1.0,0.2138557866666667,9,0.453,1.411,55.556,1.854,0.321,-1.0,0.32728046066619415,8,0.791,1.691,75.0,1.143,0.468,-1.0,0.5796004553518629,225,,
240.0,kdj_k_crossover50,[240 216],kdj_k_crossover50^240^216,4,0,9,0.002,0.33156633804995106,9,0.282,0.379,66.667,3.872,0.744,-1.0,0.2120878100263852,9,0.56,1.476,66.667,1.332,0.379,-1.0,0.4068726287262873,8,0.71,1.738,75.0,0.989,0.409,-1.0,0.5173032220943613,216,,
120.0,stoch_d_crossover50,[120  72 108],stoch_d_crossover50^120^72^108,4,0,13,0.002,0.334517136131792,12,0.418,0.768,66.667,3.864,0.544,-1.0,0.3085253645833333,12,0.519,1.16,66.667,1.807,0.447,-1.0,0.37955454310344827,12,0.459,1.386,66.667,1.158,0.331,-1.0,0.33194045454545457,72,108,
230.0,stoch_k_crossover_d,[230 207 207],stoch_k_crossover_d^230^207^207,4,0,10,0.002,0.35188278578050536,10,0.46,0.934,70.0,1.752,0.493,-1.0,0.3378586723768736,10,0.612,1.38,60.0,2.443,0.443,-1.0,0.4473986086956522,10,0.339,1.263,40.0,3.1,0.268,-1.0,0.24366933491686463,207,207,
130.0,smi_d_crossover0,[130 117 39 'EMA'],smi_d_crossover0^130^117^39^EMA,4,0,9,0.002,0.35868912409176135,9,0.457,1.284,66.667,1.3,0.356,-1.0,0.3312858489096573,8,0.396,1.42,37.5,3.418,0.279,-1.0,0.2849303661971831,8,0.722,1.125,75.0,1.505,0.642,-1.0,0.5378354488888888,117,39,EMA
140.0,smi_d_crossover0,[140 70 126 'EMA'],smi_d_crossover0^140^70^126^EMA,4,0,9,0.002,0.36272076732621117,9,0.476,1.138,66.667,1.517,0.418,-1.0,0.34713701230228466,8,0.374,1.077,62.5,1.587,0.347,-1.0,0.27089129062209844,8,0.712,0.865,75.0,1.803,0.823,-1.0,0.5394243699421964,70,126,EMA
180.0,bb_price_crossover_low,[180.    3.9],bb_price_crossover_low^180.0^3.8999999999999995,4,0,1,0.0,0.37422,1,0.316,0.0,100.0,100.0,0.0,-1.0,0.22119999999999998,1,0.728,0.0,100.0,100.0,0.0,-1.0,0.5095999999999999,1,0.791,0.0,100.0,100.0,0.0,-1.0,0.5537,3.8999999999999995,,
250.0,stoch_k_crossover_d,[250 200 225],stoch_k_crossover_d^250^200^225,4,0,10,0.002,0.38213452186924246,10,0.466,0.935,70.0,1.57,0.498,-1.0,0.34245766844919784,10,0.613,1.41,50.0,3.382,0.435,-1.0,0.44775519858156027,10,0.523,1.14,60.0,2.381,0.459,-1.0,0.3828956403508772,200,225,
190.0,trix_start_increase,[190],trix_start_increase^190,4,0,12,0.002,0.3846411212751334,12,0.358,0.548,66.667,2.844,0.653,-1.0,0.26697131386861306,12,0.54,0.871,75.0,1.578,0.62,-1.0,0.4014351320321469,12,0.871,1.209,58.333,3.939,0.72,-1.0,0.653624623655914,,,
200.0,tsi_crossover0,[200 160 'EMA'],tsi_crossover0^200^160^EMA,4,0,8,0.001,0.38830511463236095,8,0.259,0.443,62.5,2.81,0.585,-1.0,0.19189970654627542,8,0.592,0.35,100.0,100.0,1.691,-1.0,0.4844927999999999,8,0.987,1.545,75.0,1.372,0.639,-1.0,0.7350371067961166,160,EMA,
250.0,stoch_k_crossover_d_2,[250 200 225  30],stoch_k_crossover_d_2^250^200^225^30,4,0,9,0.002,0.39412657764756875,9,0.487,0.983,66.667,1.752,0.495,-1.0,0.35778894201424205,9,0.63,1.485,44.444,4.003,0.424,-1.0,0.45970909090909085,9,0.529,1.202,55.556,2.675,0.44,-1.0,0.3865968968386024,200,225,30
250.0,kdj_k_crossover_d,[250 225 175],kdj_k_crossover_d^250^225^175,4,0,10,0.002,0.39460407426375427,10,0.194,0.735,60.0,1.373,0.264,-1.0,0.13938438095238095,10,0.574,0.925,70.0,2.748,0.621,-1.0,0.42673331891891886,10,1.29,1.43,80.0,2.829,0.902,-1.0,0.9844594405594406,225,175,
210.0,trix_start_increase,[210],trix_start_increase^210,4,0,12,0.002,0.3986374305040028,12,0.421,0.507,75.0,4.028,0.83,-1.0,0.31917114398422086,12,0.422,0.69,66.667,1.934,0.612,-1.0,0.31346649275362315,12,0.962,1.254,66.667,3.305,0.767,-1.0,0.725059553429027,,,
240.0,stoch_k_crossover_d_2,[240 120  72  25],stoch_k_crossover_d_2^240^120^72^25,4,0,15,0.003,0.3992230100428756,15,0.414,0.769,73.333,1.861,0.538,-1.0,0.30540171651495446,15,0.617,1.339,80.0,0.904,0.461,-1.0,0.45180159073935766,15,0.757,1.604,73.333,1.312,0.472,-1.0,0.5549083728179551,120,72,25
240.0,stoch_k_crossover50,[240  72],stoch_k_crossover50^240^72,4,0,11,0.002,0.40015022807962464,11,0.357,0.57,81.818,1.083,0.626,-1.0,0.2655516315789473,11,0.506,0.581,72.727,2.996,0.871,-1.0,0.3850477108433735,10,1.014,1.454,80.0,2.404,0.697,-1.0,0.7593004951856946,72,,
230.0,tsi_crossover0,[230 138 'EMA'],tsi_crossover0^230^138^EMA,4,0,8,0.001,0.40973300685059466,8,0.263,0.44,62.5,2.983,0.598,-1.0,0.19510415909090909,8,0.531,0.439,87.5,2.474,1.21,-1.0,0.41665961275626423,7,1.235,1.495,85.714,0.974,0.826,-1.0,0.9359152173913043,138,EMA,
190.0,smi_k_crossover0,[190 95 'EMA'],smi_k_crossover0^190^95^EMA,4,0,9,0.002,0.4120804978396386,9,0.481,0.584,66.667,4.371,0.824,-1.0,0.36443162671232876,9,0.741,1.59,66.667,1.758,0.466,-1.0,0.5428733773584905,8,0.465,1.591,75.0,0.737,0.292,-1.0,0.3350133563796355,95,EMA,
250.0,smi_k_crossover0,[250 150 'EMA'],smi_k_crossover0^250^150^EMA,4,0,7,0.001,0.4130008655034169,7,0.65,1.031,71.429,3.783,0.63,-1.0,0.4836857419980602,7,0.559,1.006,85.714,0.675,0.556,-1.0,0.4130432107355865,7,0.326,0.927,71.429,1.046,0.352,-1.0,0.23622515641855446,150,EMA,
220.0,stoch_k_crossover50,[220  88],stoch_k_crossover50^220^88,4,0,11,0.002,0.4134712422979507,11,0.438,0.292,90.909,15.886,1.5,-1.0,0.3525899999999999,11,0.597,1.01,63.636,3.091,0.591,-1.0,0.44260161386138613,10,0.712,1.505,60.0,2.566,0.473,-1.0,0.5219787906976744,88,,
140.0,emacd_crossover_signal,[140 392 140],emacd_crossover_signal^140^392^140,4,0,12,0.002,0.4173420654109556,12,0.375,0.602,75.0,2.346,0.623,-1.0,0.2788517441860465,12,0.64,0.913,75.0,2.1,0.701,-1.0,0.4794041621029573,12,0.899,1.374,66.667,2.923,0.654,-1.0,0.6704747234352256,392,140,
180.0,emacd_crossover_signal,[180 360 108],emacd_crossover_signal^180^360^108,4,0,12,0.002,0.41773771873091603,12,0.344,0.492,75.0,2.121,0.699,-1.0,0.2576364227642276,12,0.719,0.813,83.333,2.002,0.884,-1.0,0.547810787207872,12,0.84,1.416,66.667,2.191,0.593,-1.0,0.6228813559322034,360,108,
110.0,ema_fast_crossover_slow,[110 286],ema_fast_crossover_slow^110^286,4,0,8,0.001,0.41954484048973206,8,0.321,0.426,75.0,2.294,0.754,-1.0,0.24163161971830988,8,0.5,0.47,87.5,1.74,1.064,-1.0,0.3872340425531915,7,1.203,1.433,85.714,1.061,0.839,-1.0,0.9127940893230985,286,,
250.0,kdj_k_crossover_d_2,[250 175 225  30],kdj_k_crossover_d_2^250^175^225^30,4,0,7,0.001,0.4258489272281591,7,0.258,0.812,71.429,0.864,0.318,-1.0,0.18633827586206897,7,0.731,1.156,57.143,4.37,0.632,-1.0,0.5440575,7,1.129,1.565,71.429,2.928,0.721,-1.0,0.847312696485623,175,225,30
250.0,kdj_d_crossover50,[250 150 125],kdj_d_crossover50^250^150^125,4,0,9,0.002,0.42682659937252276,8,0.638,0.949,87.5,2.433,0.672,-1.0,0.47662432033719704,8,0.668,0.766,75.0,7.643,0.872,-1.0,0.5083776501305483,8,0.25,0.874,62.5,1.258,0.286,-1.0,0.18000572082379862,150,125,
180.0,ema_fast_crossover_slow,[180 468],ema_fast_crossover_slow^180^468,4,0,7,0.001,0.4276749355191531,7,0.211,0.488,57.143,1.942,0.432,-1.0,0.15408620901639342,7,1.011,1.244,85.714,2.863,0.813,-1.0,0.7652148472668809,7,0.82,1.502,71.429,1.69,0.546,-1.0,0.6053368841544606,468,,
160.0,kdj_d_crossover50,[160 144 144],kdj_d_crossover50^160^144^144,4,0,9,0.002,0.42887305654349606,8,0.6,0.982,75.0,2.777,0.611,-1.0,0.4456619144602851,8,0.567,1.007,62.5,3.715,0.563,-1.0,0.41924779543197616,8,0.538,0.819,75.0,3.862,0.657,-1.0,0.4013388034188034,144,144,
230.0,smacd_histogram_start_increase,[230 506 299],smacd_histogram_start_increase^230^506^299,4,0,24,0.004,0.4370519128782483,24,0.398,0.766,66.667,2.266,0.52,-1.0,0.29307556135770235,24,0.76,1.132,70.833,2.489,0.671,-1.0,0.5677173144876325,24,0.812,1.416,70.833,1.678,0.573,-1.0,0.6009946892655368,506,299,
220.0,tsi_crossover_signal,[220 176 198 'EMA'],tsi_crossover_signal^220^176^198^EMA,4,0,11,0.002,0.44830957074905886,11,0.369,0.594,72.727,1.858,0.621,-1.0,0.27434590909090906,11,0.643,0.826,81.818,2.194,0.778,-1.0,0.4851380508474576,11,1.089,1.264,72.727,6.553,0.862,-1.0,0.8279760047468353,176,198,EMA
100.0,bb_price_crossover_low,[100.    3.9],bb_price_crossover_low^100.0^3.8999999999999995,4,0,2,0.0,0.45786299999999996,2,0.158,0.158,50.0,100.0,1.0,-1.0,0.12166,2,0.701,0.027,100.0,100.0,25.963,-1.0,0.63791,2,1.13,0.339,100.0,100.0,3.333,-1.0,1.0282999999999998,3.8999999999999995,,
200.0,adx_crossunder_threshold,[200.  10.],adx_crossunder_threshold^200.0^10.0,4,0,4,0.001,0.46242669843040546,4,0.552,0.908,50.0,4.583,0.608,-1.0,0.40989039647577086,4,0.835,1.014,75.0,4.906,0.823,-1.0,0.6326319033530572,4,0.463,1.045,50.0,3.685,0.443,-1.0,0.33845964593301436,10.0,,
230.0,tsi_crossover_signal,[230 138 207 'SMA'],tsi_crossover_signal^230^138^207^SMA,4,0,10,0.002,0.46616205254036125,10,0.465,0.808,70.0,1.893,0.575,-1.0,0.3442323638613861,10,0.785,1.137,70.0,3.318,0.69,-1.0,0.587438214599824,10,0.8,1.541,70.0,1.794,0.519,-1.0,0.5890720311486048,138,207,SMA
210.0,aroon_diff_crossover0,[210],aroon_diff_crossover0^210,4,0,12,0.002,0.5014348485751595,12,0.576,0.599,83.333,2.563,0.962,-1.0,0.4419718196994991,12,0.693,0.685,83.333,2.301,1.012,-1.0,0.5341765401459854,12,0.801,1.115,66.667,5.21,0.718,-1.0,0.6009798834080717,,,
200.0,emacd_crossover_signal_2,[200 480 120],emacd_crossover_signal_2^200^480^120,4,0,9,0.002,0.5015777500720315,9,0.495,0.426,88.889,100.0,1.162,-1.0,0.38676232394366195,9,0.492,0.862,77.778,1.036,0.571,-1.0,0.36405716937354987,9,1.282,1.18,77.778,5.864,1.086,-1.0,0.9948971864406779,480,120,
200.0,aroon_diff_crossover0,[200],aroon_diff_crossover0^200,4,0,12,0.002,0.5094458086479904,12,0.547,0.793,75.0,2.163,0.69,-1.0,0.4093118915510719,12,0.769,0.933,75.0,3.661,0.824,-1.0,0.5826679206859593,12,0.866,1.2,66.667,4.492,0.722,-1.0,0.6499474333333333,,,
130.0,trix_crossover_signal,[130 182],trix_crossover_signal^130^182,4,0,10,0.002,0.510717310059164,10,0.405,0.365,80.0,6.84,1.11,-1.0,0.3149568493150685,10,0.7,0.859,70.0,2.968,0.815,-1.0,0.529930151338766,10,1.272,1.4,80.0,4.409,0.909,-1.0,0.9712991999999998,182,,
220.0,smacd_crossover_signal,[220 484 242],smacd_crossover_signal^220^484^242,4,0,8,0.001,0.5116869937074646,8,0.774,0.68,100.0,100.0,1.138,-1.0,0.6034695882352941,8,0.663,1.144,87.5,0.616,0.58,-1.0,0.4909967045454545,8,0.433,1.291,50.0,2.379,0.335,-1.0,0.3132659411309063,484,242,
190.0,emacd_crossover_signal_2,[190 266 209],emacd_crossover_signal_2^190^266^209,4,0,9,0.002,0.5178112068800136,9,0.458,0.398,88.889,8.496,1.151,-1.0,0.3574931658291457,9,0.623,0.527,88.889,1.978,1.182,-1.0,0.4876541366223909,9,1.245,1.175,77.778,2.983,1.06,-1.0,0.9638419148936171,266,209,
90.0,adx_crossunder_threshold,[90. 20.],adx_crossunder_threshold^90.0^20.0,4,0,5,0.001,0.5179406156649469,5,0.596,0.601,80.0,7.765,0.992,-1.0,0.45857291181364396,5,0.923,0.871,80.0,5.053,1.06,-1.0,0.7145673134328359,5,0.5,0.817,80.0,1.022,0.612,-1.0,0.3714198286413708,20.0,,
200.0,smacd_crossover_signal,[200 440 140],smacd_crossover_signal^200^440^140,4,0,10,0.002,0.5288286687202217,10,0.578,0.775,80.0,1.964,0.746,-1.0,0.43477532903225796,10,0.834,1.563,60.0,3.24,0.534,-1.0,0.6149509404990402,10,0.852,1.324,70.0,2.413,0.644,-1.0,0.6347786102719033,440,140,
30.0,kc_price_crossover_high_2,[30.  12.   3.9],kc_price_crossover_high_2^30.0^12.0^3.8999999999999995,4,1,26,0.005,0.54283485731726,26,0.533,0.997,76.923,1.235,0.535,-1.0,0.3930460682046138,26,0.898,1.408,80.769,1.145,0.638,-1.0,0.6686911079545453,26,0.98,1.581,69.231,1.996,0.62,-1.0,0.7285224541429475,12.0,3.8999999999999995,
30.0,kc_price_crossover_high,[30.  12.   3.9],kc_price_crossover_high^30.0^12.0^3.8999999999999995,4,1,26,0.005,0.54283485731726,26,0.533,0.997,76.923,1.235,0.535,-1.0,0.3930460682046138,26,0.898,1.408,80.769,1.145,0.638,-1.0,0.6686911079545453,26,0.98,1.581,69.231,1.996,0.62,-1.0,0.7285224541429475,12.0,3.8999999999999995,
160.0,trix_crossover_signal,[160  96],trix_crossover_signal^160^96,4,0,10,0.002,0.5454532408324101,10,0.452,0.354,80.0,12.676,1.277,-1.0,0.3567990960451977,10,0.731,0.874,70.0,2.755,0.836,-1.0,0.5544977917620137,10,1.315,1.458,70.0,7.494,0.902,-1.0,1.0035217764060356,96,,
170.0,sma_fast_crossover_slow,[170 442],sma_fast_crossover_slow^170^442,4,0,7,0.001,0.5501563073905396,7,0.722,0.82,85.714,6.77,0.88,-1.0,0.5498998536585366,7,0.531,1.149,71.429,1.482,0.462,-1.0,0.3888777806788512,6,1.0,0.755,100.0,100.0,1.325,-1.0,0.7927152317880795,442,,
180.0,trix_crossover0,[180],trix_crossover0^180,4,0,6,0.001,0.5538183383188289,6,0.667,1.327,50.0,4.724,0.503,-1.0,0.4903681461944235,6,0.882,1.121,66.667,7.246,0.787,-1.0,0.6659768777876895,6,0.735,1.273,83.333,0.757,0.577,-1.0,0.5442060094265514,,,
240.0,smi_k_crossover_d,[240 192 168],smi_k_crossover_d^240^192^168,4,0,8,0.001,0.5599202652955392,8,0.563,0.781,75.0,2.201,0.721,-1.0,0.42250951344430215,8,0.87,1.392,62.5,3.092,0.625,-1.0,0.6470624999999999,8,1.031,1.458,87.5,0.878,0.707,-1.0,0.7727337928669409,192,168,
240.0,smi_k_crossover_d_2,[240 192 168  45],smi_k_crossover_d_2^240^192^168^45,4,0,8,0.001,0.5599202652955392,8,0.563,0.781,75.0,2.201,0.721,-1.0,0.42250951344430215,8,0.87,1.392,62.5,3.092,0.625,-1.0,0.6470624999999999,8,1.031,1.458,87.5,0.878,0.707,-1.0,0.7727337928669409,192,168,45
16.0,kc_price_crossover_high_2,[16.   6.   3.7],kc_price_crossover_high_2^16.0^6.0^3.6999999999999993,4,0,4,0.001,0.5695183211314152,4,0.56,0.992,75.0,1.331,0.565,-1.0,0.4141290322580645,4,0.809,1.377,75.0,1.715,0.588,-1.0,0.599570639070443,4,1.209,1.536,75.0,2.247,0.787,-1.0,0.9129130664062499,6.0,3.6999999999999993,
16.0,kc_price_crossover_high,[16.   6.   3.7],kc_price_crossover_high^16.0^6.0^3.6999999999999993,4,0,4,0.001,0.5695183211314152,4,0.56,0.992,75.0,1.331,0.565,-1.0,0.4141290322580645,4,0.809,1.377,75.0,1.715,0.588,-1.0,0.599570639070443,4,1.209,1.536,75.0,2.247,0.787,-1.0,0.9129130664062499,6.0,3.6999999999999993,
160.0,emacd_crossover_signal_3,[160 352 176],emacd_crossover_signal_3^160^352^176,4,0,4,0.001,0.5847541583033087,4,0.588,0.468,100.0,100.0,1.256,-1.0,0.4633138461538461,4,0.791,0.488,100.0,100.0,1.621,-1.0,0.6434493237704918,4,1.066,1.47,75.0,1.673,0.725,-1.0,0.8003121904761904,352,176,
230.0,smi_k_crossover_d_2,[230 184 207  45],smi_k_crossover_d_2^230^184^207^45,4,0,8,0.001,0.5892296853246756,8,0.68,0.9,62.5,7.501,0.756,-1.0,0.5119644444444446,8,0.847,1.436,75.0,1.423,0.59,-1.0,0.6278711908077994,8,0.975,1.587,75.0,1.608,0.614,-1.0,0.7244305293005672,184,207,45
230.0,smi_k_crossover_d,[230 184 207],smi_k_crossover_d^230^184^207,4,0,8,0.001,0.5892296853246756,8,0.68,0.9,62.5,7.501,0.756,-1.0,0.5119644444444446,8,0.847,1.436,75.0,1.423,0.59,-1.0,0.6278711908077994,8,0.975,1.587,75.0,1.608,0.614,-1.0,0.7244305293005672,184,207,
180.0,sma_fast_crossover_slow,[180 468],sma_fast_crossover_slow^180^468,4,0,7,0.001,0.5975780019250307,7,0.835,1.123,85.714,5.492,0.744,-1.0,0.6279601513802314,7,0.826,1.137,57.143,5.222,0.726,-1.0,0.6202046789797712,6,0.653,0.976,83.333,0.908,0.669,-1.0,0.48768261270491803,468,,
140.0,emacd_crossover_signal_3,[140 364 196],emacd_crossover_signal_3^140^364^196,4,0,4,0.001,0.6089779033022965,4,0.624,0.638,75.0,5.032,0.978,-1.0,0.4795215047021943,4,0.805,0.434,100.0,100.0,1.855,-1.0,0.6680201612903226,4,1.121,1.482,75.0,1.74,0.756,-1.0,0.8440555128205127,364,196,
230.0,ma_atr_long_signal,[230.  276.    2.8],ma_atr_long_signal^230.0^276.0^2.8,4,0,8,0.001,0.6373541090772891,8,0.536,0.762,87.5,1.21,0.703,-1.0,0.40159202099737534,8,1.01,1.028,87.5,1.508,0.982,-1.0,0.7764620622568095,8,1.313,1.219,87.5,1.857,1.077,-1.0,1.018097399507793,276.0,2.8,
180.0,ma_atr_long_signal,[180.  216.    2.8],ma_atr_long_signal^180.0^216.0^2.8,4,0,8,0.001,0.6516505167338538,8,0.641,1.028,75.0,2.557,0.624,-1.0,0.47667827821011666,8,1.006,1.171,75.0,2.216,0.859,-1.0,0.7646974551665243,8,1.212,1.446,75.0,2.117,0.838,-1.0,0.9195107053941907,216.0,2.8,
170.0,trix_crossover0,[170],trix_crossover0^170,4,0,7,0.001,0.6535682451172452,6,0.78,1.13,83.333,3.139,0.69,-1.0,0.5836884955752212,6,0.914,1.261,50.0,13.724,0.725,-1.0,0.6861740840602696,6,1.029,1.255,83.333,1.117,0.82,-1.0,0.7793588605577688,,,
14.0,kc_price_crossover_low_2,[14.  17.   1.5],kc_price_crossover_low_2^14.0^17.0^1.5,4,0,1,0.0,0.6579299999999999,1,0.723,0.0,100.0,100.0,0.0,-1.0,0.5061,1,0.986,0.0,100.0,100.0,0.0,-1.0,0.6901999999999999,1,1.413,0.0,100.0,100.0,0.0,-1.0,0.9891,17.0,1.5,
55.0,bb_price_crossover_low_2,[55.   2.3],bb_price_crossover_low_2^55.0^2.3,4,0,3,0.001,0.6771423207398555,3,1.046,2.418,33.333,7.013,0.433,-1.0,0.7638741604631927,3,0.896,2.319,33.333,5.808,0.386,-1.0,0.6514333419577404,3,0.695,2.732,33.333,3.812,0.254,-1.0,0.4988761896046851,2.3,,
250.0,rvi_signal_crossover0,[250 75 'EMA'],rvi_signal_crossover0^250^75^EMA,4,0,8,0.001,0.6918383176447283,8,0.688,0.702,87.5,4.329,0.98,-1.0,0.5287995441595441,8,0.85,0.929,87.5,1.292,0.915,-1.0,0.6494402583423036,7,1.535,1.863,85.714,1.17,0.824,-1.0,1.1630323403113256,75,EMA,
190.0,rvi_signal_crossover0,[190 171 'SMA'],rvi_signal_crossover0^190^171^SMA,4,0,6,0.001,0.6922531317903795,6,0.755,0.947,66.667,4.593,0.797,-1.0,0.5706348996832101,6,0.925,0.931,100.0,100.0,0.994,-1.0,0.7118327067669173,6,1.211,0.861,83.333,7.12,1.407,-1.0,0.966929349593496,171,SMA,
25.0,kc_price_crossover_low_2,[25.  30.   1.5],kc_price_crossover_low_2^25.0^30.0^1.5,4,0,2,0.0,0.734552,2,0.627,0.096,100.0,100.0,6.531,-1.0,0.57057,2,0.883,0.102,100.0,100.0,8.657,-1.0,0.8035300000000001,2,1.144,0.269,100.0,100.0,4.253,-1.0,1.0410399999999997,30.0,1.5,
30.0,adx_crossover_threshold,[30. 45.],adx_crossover_threshold^30.0^45.0,4,0,2,0.0,0.7950295950452461,2,1.055,1.329,50.0,8.701,0.794,-1.0,0.7971243416102333,2,1.194,1.529,50.0,8.136,0.781,-1.0,0.9010678351863963,2,0.858,1.71,50.0,3.015,0.502,-1.0,0.6307353684210526,45.0,,
190.0,bb_price_crossover_high_2,[190.    3.1],bb_price_crossover_high_2^190.0^3.0999999999999996,4,0,7,0.001,0.7973178242322341,7,0.613,0.451,100.0,100.0,1.359,-1.0,0.4874233481152993,7,0.96,0.38,100.0,100.0,2.526,-1.0,0.8417684210526314,7,1.925,1.643,85.714,3.992,1.172,-1.0,1.5053781192939746,3.0999999999999996,,
160.0,bb_price_crossover_high_2,[160.    3.9],bb_price_crossover_high_2^160.0^3.8999999999999995,4,0,3,0.001,0.818159489195529,3,0.667,0.459,100.0,100.0,1.453,-1.0,0.5347479956427015,3,1.015,0.472,100.0,100.0,2.15,-1.0,0.8632876059322033,3,1.882,1.751,66.667,5.309,1.075,-1.0,1.458996047972587,3.8999999999999995,,
200.0,bb_price_crossover_high,[200.    2.9],bb_price_crossover_high^200.0^2.8999999999999995,4,1,12,0.002,0.8259977439491949,12,0.933,0.64,91.667,6.773,1.458,-1.0,0.7483097343749999,12,0.999,0.548,91.667,100.0,1.823,-1.0,0.8267818795620437,12,1.319,1.272,83.333,2.659,1.037,-1.0,1.0190415644654087,2.8999999999999995,,
190.0,bb_price_crossover_high,[190.    3.1],bb_price_crossover_high^190.0^3.0999999999999996,4,0,9,0.002,0.8735196757480012,9,0.683,0.428,100.0,100.0,1.596,-1.0,0.554394929906542,9,1.188,0.543,100.0,100.0,2.188,-1.0,1.0135412154696133,9,1.852,1.456,88.889,3.675,1.272,-1.0,1.4612992307692307,3.0999999999999996,,
210.0,sma_fast_crossover_slow_2,[210 588],sma_fast_crossover_slow_2^210^588,4,0,2,0.0,0.9676234473684211,2,1.292,0.106,100.0,100.0,12.189,-1.0,1.17572,2,1.034,0.456,100.0,100.0,2.268,-1.0,0.8879248245614035,2,0.623,0.106,100.0,100.0,5.877,-1.0,0.56693,588,,
180.0,sma_fast_crossover_slow_2,[180 468],sma_fast_crossover_slow_2^180^468,4,0,4,0.001,0.986690444157478,4,1.423,1.175,100.0,100.0,1.211,-1.0,1.1167340680851063,4,0.992,1.329,50.0,7.194,0.746,-1.0,0.746231813393529,3,1.241,0.702,100.0,100.0,1.768,-1.0,1.0222693304843307,468,,
45.0,adx_crossover_threshold,[45. 35.],adx_crossover_threshold^45.0^35.0,4,0,2,0.0,0.9959977455892606,2,1.556,1.437,100.0,100.0,1.083,-1.0,1.2071398190675016,2,1.248,1.128,100.0,100.0,1.106,-1.0,0.9702536170212764,2,0.688,1.317,50.0,3.19,0.522,-1.0,0.5067587547456339,35.0,,
170.0,smacd_crossover_signal_2,[170 476 238],smacd_crossover_signal_2^170^476^238,4,0,3,0.001,1.0157411664861116,3,1.014,1.241,66.667,4.56,0.817,-1.0,0.7677965511684125,3,1.847,1.808,66.667,4.935,1.022,-1.0,1.4249788882743362,3,1.378,2.326,66.667,1.603,0.592,-1.0,1.0217461220980224,476,238,
190.0,smacd_crossover_signal_2,[190 494 209],smacd_crossover_signal_2^190^494^209,4,0,3,0.001,1.0181927280701957,3,1.478,1.027,100.0,100.0,1.439,-1.0,1.1834937487828625,3,1.381,2.022,66.667,1.972,0.683,-1.0,1.0327243669634025,3,0.803,2.145,66.667,1.058,0.374,-1.0,0.583142717948718,494,209,
110.0,bb_price_crossover_low_2,[110.    1.7],bb_price_crossover_low_2^110.0^1.7,4,0,2,0.0,1.3579509764309765,2,1.421,0.237,100.0,100.0,5.996,-1.0,1.29311,2,1.821,0.163,100.0,100.0,11.172,-1.0,1.65711,2,1.372,1.188,100.0,100.0,1.155,-1.0,1.0713148821548821,1.7,,
180.0,smacd_crossover_signal_3,[180 468 234],smacd_crossover_signal_3^180^468^234,4,0,2,0.0,2.142959,2,2.176,0.404,100.0,100.0,5.386,-1.0,1.98016,2,2.669,0.439,100.0,100.0,6.08,-1.0,2.42879,2,2.331,0.59,100.0,100.0,3.951,-1.0,2.12121,468,234,
190.0,smacd_crossover_signal_3,[190 494 209],smacd_crossover_signal_3^190^494^209,4,0,2,0.0,2.174809,2,2.201,0.121,100.0,100.0,18.19,-1.0,2.00291,2,2.776,0.545,100.0,100.0,5.094,-1.0,2.52616,2,2.283,0.572,100.0,100.0,3.991,-1.0,2.07753,494,209,
