param_0,策略名称,开始时间,结束时间,total+总收益率%,total+年化收益率%,total+最大回撤%,total+sharpe比率,total+sortino比率,total+calmar比率,total+年化波动率%,total+日波动率%,total+均持天数,total+交易次数,total+交易胜率%,total+盈亏比,total+bar胜率%,total+总交易成本%,2026-03-01+总收益率%,2026-03-01+年化收益率%,2026-03-01+最大回撤%,2026-03-01+sharpe比率,2026-03-01+sortino比率,2026-03-01+calmar比率,2026-03-01+年化波动率%,2026-03-01+日波动率%,2026-03-01+均持天数,2026-03-01+交易次数,2026-03-01+交易胜率%,2026-03-01+盈亏比,2026-03-01+bar胜率%,2026-03-01+总交易成本%,2026-04-01+总收益率%,2026-04-01+年化收益率%,2026-04-01+最大回撤%,2026-04-01+sharpe比率,2026-04-01+sortino比率,2026-04-01+calmar比率,2026-04-01+年化波动率%,2026-04-01+日波动率%,2026-04-01+均持天数,2026-04-01+交易次数,2026-04-01+交易胜率%,2026-04-01+盈亏比,2026-04-01+bar胜率%,2026-04-01+总交易成本%,2026-05-01+总收益率%,2026-05-01+年化收益率%,2026-05-01+最大回撤%,2026-05-01+sharpe比率,2026-05-01+sortino比率,2026-05-01+calmar比率,2026-05-01+年化波动率%,2026-05-01+日波动率%,2026-05-01+均持天数,2026-05-01+交易次数,2026-05-01+交易胜率%,2026-05-01+盈亏比,2026-05-01+bar胜率%,2026-05-01+总交易成本%,2026-06-01+总收益率%,2026-06-01+年化收益率%,2026-06-01+最大回撤%,2026-06-01+sharpe比率,2026-06-01+sortino比率,2026-06-01+calmar比率,2026-06-01+年化波动率%,2026-06-01+日波动率%,2026-06-01+均持天数,2026-06-01+交易次数,2026-06-01+交易胜率%,2026-06-01+盈亏比,2026-06-01+bar胜率%,2026-06-01+总交易成本%,filter_name,filter_params,param_1,param_2,param_3,param_4,param_5
40.0,roc_lower0^40,2026-03-01 23:00:00,2026-06-17 23:45:00,10.279,39.179,17.569,1.225,1.625,2.23,31.995,1.675,0.226,478.0,70.711,0.472,50.692,0.0,9.051,186.665,17.569,4.131,5.468,10.625,45.184,2.365,0.189,159.0,74.214,0.447,51.673,0.0,4.423,69.333,5.294,2.693,3.529,13.095,25.745,1.348,0.248,121.0,68.595,0.588,50.776,0.0,-2.961,-41.014,6.286,-1.869,-2.522,-6.524,21.947,1.149,0.246,126.0,69.048,0.376,51.301,0.0,-0.206,-4.527,8.675,-0.155,-0.245,-0.522,29.131,1.525,0.23,74.0,68.919,0.455,47.826,0.0,roc_lower0,[40],,,,,
190.0,roc_lower0^190,2026-03-01 23:00:00,2026-06-17 23:45:00,13.603,53.868,19.37,1.675,2.254,2.781,32.16,1.683,0.425,254.0,73.228,0.481,50.268,0.0,2.922,41.914,19.37,0.927,1.277,2.164,45.199,2.366,0.448,67.0,73.134,0.432,49.754,0.0,6.334,111.163,4.081,4.317,5.906,27.237,25.752,1.348,0.435,69.0,72.464,0.67,50.466,0.0,5.669,91.443,4.688,4.168,6.079,19.505,21.937,1.148,0.392,79.0,70.886,0.676,51.093,0.0,-1.767,-45.7,10.277,-1.512,-2.003,-4.447,30.23,1.582,0.405,42.0,78.571,0.234,49.415,0.0,roc_lower0,[190],,,,,
210.0,aroon_diff_lower0^210,2026-03-01 23:00:00,2026-06-17 23:45:00,4.202,14.92,20.035,0.464,0.617,0.745,32.156,1.683,2.349,46.0,63.043,0.671,49.703,0.0,-1.486,-19.64,20.035,-0.435,-0.579,-0.98,45.185,2.365,2.311,13.0,61.538,0.594,49.656,0.0,3.921,59.687,5.125,2.317,3.227,11.646,25.757,1.348,2.308,13.0,61.538,1.182,49.845,0.0,5.646,90.966,4.584,4.147,5.926,19.844,21.936,1.148,2.385,13.0,69.231,0.87,50.676,0.0,-3.658,-116.396,9.771,-3.85,-5.306,-11.912,30.23,1.582,1.7,10.0,60.0,0.436,47.91,0.0,aroon_diff_lower0,[210],,,,,
190.0,aroon_diff_lower0^190,2026-03-01 23:00:00,2026-06-17 23:45:00,18.721,78.569,19.521,2.443,3.304,4.025,32.156,1.683,2.161,50.0,74.0,0.558,49.859,0.0,1.999,27.19,19.521,0.602,0.805,1.393,45.187,2.365,2.311,13.0,69.231,0.518,49.754,0.0,7.663,145.622,5.257,5.654,8.18,27.7,25.754,1.348,2.0,15.0,73.333,0.934,50.362,0.0,8.424,159.257,4.61,7.262,11.175,34.543,21.931,1.148,2.067,15.0,80.0,0.588,50.104,0.0,-0.291,-6.453,8.799,-0.213,-0.294,-0.733,30.241,1.583,1.7,10.0,70.0,0.423,48.746,0.0,aroon_diff_lower0,[190],,,,,
130.0,price_lower_sma^130,2026-03-01 23:00:00,2026-06-17 23:45:00,5.328,19.17,17.846,0.596,0.755,1.074,32.169,1.684,0.281,384.0,86.719,0.17,51.13,0.0,-3.409,-50.302,17.846,-1.113,-1.429,-2.819,45.207,2.366,0.271,111.0,81.982,0.197,50.886,0.0,6.366,111.936,4.07,4.347,5.517,27.501,25.749,1.348,0.286,105.0,85.714,0.284,51.242,0.0,9.295,184.86,5.157,8.427,11.815,35.846,21.937,1.148,0.233,133.0,91.729,0.166,52.289,0.0,-6.201,-264.203,10.64,-8.736,-11.322,-24.831,30.245,1.583,0.447,38.0,84.211,0.088,49.415,0.0,price_lower_sma,[130],,,,,
120.0,price_lower_sma^120,2026-03-01 23:00:00,2026-06-17 23:45:00,8.862,33.229,15.466,1.033,1.292,2.149,32.167,1.684,0.25,432.0,88.426,0.151,51.497,0.0,2.543,35.691,15.466,0.79,1.016,2.308,45.201,2.366,0.237,127.0,87.402,0.161,51.378,0.0,6.851,124.011,3.987,4.815,6.069,31.103,25.754,1.348,0.248,121.0,89.256,0.211,51.656,0.0,6.919,119.898,5.267,5.463,7.43,22.763,21.946,1.149,0.23,135.0,90.37,0.161,52.289,0.0,-7.076,-334.413,11.495,-11.061,-13.235,-29.091,30.232,1.582,0.327,52.0,82.692,0.107,50.084,0.0,price_lower_sma,[120],,,,,
140.0,price_lower_ema^140,2026-03-01 23:00:00,2026-06-17 23:45:00,3.174,11.136,18.76,0.346,0.442,0.594,32.167,1.684,0.273,396.0,84.596,0.197,50.72,0.0,-3.194,-46.537,18.76,-1.029,-1.321,-2.481,45.211,2.366,0.257,117.0,84.615,0.165,50.984,0.0,6.28,109.854,4.015,4.274,5.565,27.358,25.703,1.345,0.27,111.0,82.883,0.347,50.621,0.0,6.737,115.521,4.519,5.256,7.528,25.562,21.981,1.151,0.252,123.0,86.992,0.236,51.405,0.0,-6.05,-253.259,10.179,-8.374,-10.889,-24.879,30.243,1.583,0.354,48.0,81.25,0.116,49.247,0.0,price_lower_ema,[140],,,,,
120.0,price_lower_ema^120,2026-03-01 23:00:00,2026-06-17 23:45:00,12.392,48.395,17.121,1.506,1.943,2.827,32.138,1.682,0.248,436.0,86.009,0.198,50.861,0.0,3.895,59.113,17.121,1.308,1.713,3.453,45.204,2.366,0.24,125.0,88.8,0.148,51.28,0.0,5.097,83.141,4.099,3.234,4.219,20.285,25.705,1.345,0.261,115.0,80.87,0.359,50.362,0.0,9.26,183.796,4.561,8.41,11.694,40.302,21.855,1.144,0.214,145.0,88.966,0.208,51.977,0.0,-5.794,-235.379,9.373,-7.787,-10.174,-25.114,30.228,1.582,0.315,54.0,81.481,0.119,49.08,0.0,price_lower_ema,[120],,,,,
45.0,sma_fast_lower_slow^45^126,2026-03-01 23:00:00,2026-06-17 23:45:00,3.03,10.611,22.585,0.33,0.434,0.47,32.161,1.683,1.385,78.0,67.949,0.522,50.0,0.0,-20.177,-833.593,20.983,-18.456,-24.352,-39.726,45.167,2.364,1.767,17.0,35.294,0.33,47.146,0.0,18.161,662.209,3.936,25.745,37.002,168.237,25.722,1.346,1.2,25.0,72.0,1.971,51.553,0.0,6.764,116.177,4.568,5.296,7.72,25.43,21.937,1.148,1.24,25.0,80.0,0.494,51.145,0.0,2.312,63.404,7.04,2.097,2.847,9.007,30.23,1.582,1.215,14.0,71.429,0.54,50.418,0.0,sma_fast_lower_slow,[ 45 126],126,,,,
30.0,sma_fast_lower_slow^30^42,2026-03-01 23:00:00,2026-06-17 23:45:00,10.79,41.37,15.379,1.286,1.733,2.69,32.162,1.683,0.569,190.0,63.158,0.688,49.873,0.0,4.122,63.377,15.379,1.402,1.893,4.121,45.196,2.366,0.546,55.0,63.636,0.685,49.459,0.0,3.956,60.35,5.103,2.343,3.321,11.827,25.757,1.348,0.536,56.0,62.5,0.766,50.0,0.0,5.326,84.257,4.499,3.84,5.371,18.727,21.94,1.148,0.596,52.0,69.231,0.63,51.613,0.0,-2.826,-81.99,7.324,-2.711,-3.874,-11.195,30.241,1.583,0.567,30.0,50.0,0.821,47.492,0.0,sma_fast_lower_slow,[30 42],42,,,,
50.0,ema_fast_lower_slow^50^110,2026-03-01 23:00:00,2026-06-17 23:45:00,8.803,32.984,20.687,1.026,1.361,1.594,32.159,1.683,1.801,60.0,75.0,0.426,50.226,0.0,-13.739,-378.127,20.687,-8.369,-11.031,-18.279,45.181,2.365,2.731,11.0,63.636,0.221,48.671,0.0,19.384,763.97,4.081,29.704,43.905,187.209,25.72,1.346,1.429,21.0,76.19,1.408,51.656,0.0,6.51,110.184,5.702,5.023,7.404,19.324,21.934,1.148,1.476,21.0,76.19,0.663,50.884,0.0,-0.806,-18.831,9.875,-0.623,-0.855,-1.907,30.234,1.583,1.7,10.0,70.0,0.4,49.415,0.0,ema_fast_lower_slow,[ 50 110],110,,,,
70.0,ema_fast_lower_slow^70^140,2026-03-01 23:00:00,2026-06-17 23:45:00,16.757,68.781,20.471,2.139,2.909,3.36,32.159,1.683,2.349,46.0,78.261,0.446,49.915,0.0,-1.867,-25.206,20.471,-0.558,-0.76,-1.231,45.196,2.366,3.338,9.0,77.778,0.267,49.016,0.0,12.107,301.867,5.396,11.727,16.919,55.938,25.741,1.347,1.765,17.0,76.471,1.21,51.19,0.0,4.102,60.553,6.16,2.76,4.125,9.83,21.941,1.148,2.067,15.0,80.0,0.418,49.74,0.0,1.945,51.259,9.875,1.695,2.356,5.191,30.239,1.583,2.125,8.0,75.0,0.468,49.582,0.0,ema_fast_lower_slow,[ 70 140],140,,,,
210.0,smacd_decrease^210^462,2026-03-01 23:00:00,2026-06-17 23:45:00,18.245,76.161,16.919,2.368,3.087,4.502,32.157,1.683,0.73,148.0,62.162,0.91,50.212,0.0,-7.842,-150.317,16.919,-3.327,-4.485,-8.885,45.185,2.365,0.858,35.0,54.286,0.547,48.573,0.0,16.997,575.717,3.588,22.376,31.895,160.46,25.73,1.347,0.769,39.0,64.103,3.077,51.294,0.0,10.087,210.138,3.458,9.584,13.689,60.772,21.926,1.148,0.585,53.0,69.811,1.259,51.093,0.0,-0.384,-8.585,5.894,-0.284,-0.333,-1.457,30.245,1.583,0.708,24.0,54.167,0.816,49.749,0.0,smacd_decrease,[210 462],462,,,,
12.0,smacd_decrease^12^19,2026-03-01 23:00:00,2026-06-17 23:45:00,47.054,267.997,9.132,8.347,10.39,29.347,32.108,1.681,0.081,1329.0,59.293,0.857,51.313,0.0,10.662,242.566,8.367,5.371,6.374,28.989,45.159,2.364,0.082,368.0,57.065,0.88,51.772,0.0,18.057,654.104,3.08,25.571,36.336,212.345,25.58,1.339,0.082,367.0,60.49,0.978,51.139,0.0,8.894,172.809,4.99,7.865,11.197,34.628,21.971,1.15,0.082,378.0,59.524,0.837,50.884,0.0,3.367,103.682,7.531,3.434,4.608,13.767,30.191,1.58,0.078,217.0,60.829,0.733,51.505,0.0,smacd_decrease,[12 19],19,,,,
210.0,emacd_decrease^210^294,2026-03-01 23:00:00,2026-06-17 23:45:00,2.922,10.219,13.301,0.318,0.41,0.768,32.167,1.684,0.491,220.0,80.909,0.253,50.353,0.0,0.872,11.126,13.301,0.246,0.33,0.836,45.206,2.366,0.477,63.0,80.952,0.25,50.0,0.0,6.207,108.115,4.138,4.199,5.368,26.128,25.749,1.348,0.411,73.0,82.192,0.364,50.88,0.0,1.599,20.544,5.183,0.936,1.275,3.964,21.95,1.149,0.564,55.0,81.818,0.254,51.145,0.0,-5.445,-212.377,9.594,-7.023,-8.822,-22.137,30.238,1.583,0.531,32.0,78.125,0.169,48.746,0.0,emacd_decrease,[210 294],294,,,,
200.0,emacd_decrease^200^480,2026-03-01 23:00:00,2026-06-17 23:45:00,7.815,28.948,13.701,0.9,1.174,2.113,32.154,1.683,0.482,224.0,80.804,0.275,50.353,0.0,8.38,165.926,13.701,3.673,5.013,12.111,45.177,2.365,0.423,71.0,83.099,0.278,50.246,0.0,7.401,138.442,4.179,5.379,6.949,33.126,25.737,1.347,0.435,69.0,85.507,0.324,51.035,0.0,-1.173,-14.718,5.404,-0.671,-0.884,-2.723,21.948,1.149,0.492,63.0,79.365,0.239,50.624,0.0,-6.279,-269.975,10.463,-8.931,-11.226,-25.803,30.229,1.582,0.708,24.0,66.667,0.26,48.913,0.0,emacd_decrease,[200 480],480,,,,
16.0,smacd_histogram_decrease^16^26^19,2026-03-01 23:00:00,2026-06-17 23:45:00,16.727,68.634,20.611,2.135,2.654,3.33,32.15,1.683,0.1,1079.0,57.461,0.818,50.367,0.0,-6.719,-120.423,20.611,-2.665,-3.099,-5.843,45.192,2.365,0.094,320.0,54.062,0.775,50.049,0.0,10.365,232.135,4.89,9.016,14.002,47.475,25.748,1.348,0.098,305.0,56.721,0.987,50.104,0.0,12.599,304.551,3.724,13.895,21.066,81.781,21.918,1.147,0.107,290.0,62.759,0.828,51.041,0.0,0.689,15.898,9.669,0.527,0.705,1.644,30.184,1.58,0.102,167.0,55.689,0.826,50.167,0.0,smacd_histogram_decrease,[16 26 19],26,19,,,
150.0,smacd_histogram_decrease^150^240^90,2026-03-01 23:00:00,2026-06-17 23:45:00,41.994,226.936,9.457,7.093,10.156,23.997,31.992,1.675,0.46,235.0,62.979,0.979,50.042,0.0,23.077,1147.385,9.457,25.403,36.835,121.328,45.167,2.364,0.493,61.0,68.852,0.904,50.837,0.0,10.74,246.135,4.221,9.559,14.288,58.306,25.748,1.348,0.435,69.0,63.768,1.066,50.828,0.0,-2.563,-34.719,7.794,-1.582,-2.275,-4.455,21.946,1.149,0.383,81.0,55.556,0.676,49.22,0.0,6.918,320.844,6.071,11.02,16.136,52.849,29.115,1.524,0.63,27.0,74.074,0.709,48.662,0.0,smacd_histogram_decrease,[150 240  90],240,90,,,
25.0,emacd_histogram_decrease^25^35^18,2026-03-01 23:00:00,2026-06-17 23:45:00,1.461,5.022,16.911,0.157,0.183,0.297,31.909,1.67,0.079,1375.0,68.291,0.472,51.299,0.0,-9.939,-216.349,15.635,-4.802,-5.387,-13.838,45.055,2.358,0.085,353.0,65.439,0.456,51.526,0.0,-0.05,-0.609,5.044,-0.024,-0.029,-0.121,25.732,1.347,0.079,381.0,69.291,0.445,51.19,0.0,11.2,249.164,5.152,11.45,15.906,48.362,21.761,1.139,0.075,412.0,70.631,0.54,51.561,0.0,1.357,33.595,4.155,1.153,1.486,8.086,29.133,1.525,0.074,231.0,66.667,0.528,50.585,0.0,emacd_histogram_decrease,[25 35 18],35,18,,,
8.0,emacd_histogram_decrease^8^21^8,2026-03-01 23:00:00,2026-06-17 23:45:00,24.414,109.186,12.618,3.414,4.386,8.653,31.98,1.674,0.05,2170.0,65.484,0.582,51.694,0.0,-3.898,-59.166,12.618,-1.308,-1.751,-4.689,45.242,2.368,0.048,623.0,64.687,0.529,51.427,0.0,5.872,100.261,7.383,4.008,5.089,13.58,25.015,1.309,0.05,598.0,65.385,0.59,51.967,0.0,16.21,486.761,3.361,22.397,32.012,144.814,21.733,1.138,0.052,596.0,67.114,0.657,52.029,0.0,5.217,198.175,3.731,6.554,8.03,53.109,30.239,1.583,0.048,356.0,63.764,0.653,51.087,0.0,emacd_histogram_decrease,[ 8 21  8],21,8,,,
190.0,smacd_lower_signal^190^266^228,2026-03-01 23:00:00,2026-06-17 23:45:00,12.923,50.778,16.952,1.58,2.075,2.995,32.148,1.683,2.401,45.0,57.778,1.055,49.76,0.0,-1.521,-20.138,16.952,-0.446,-0.623,-1.188,45.196,2.366,2.504,12.0,58.333,0.683,49.016,0.0,8.266,162.907,4.042,6.338,8.355,40.308,25.701,1.345,2.308,13.0,61.538,3.487,50.311,0.0,3.931,57.488,6.828,2.621,3.756,8.419,21.937,1.148,2.067,15.0,53.333,1.615,49.636,0.0,1.904,49.963,5.803,1.653,1.893,8.61,30.232,1.582,2.125,8.0,50.0,1.25,50.251,0.0,smacd_lower_signal,[190 266 228],266,228,,,
10.0,smacd_lower_signal^10^14^7,2026-03-01 23:00:00,2026-06-17 23:45:00,36.602,186.858,9.702,5.821,7.968,19.26,32.103,1.68,0.115,942.0,56.582,0.942,50.819,0.0,25.893,1542.239,9.144,34.159,47.227,168.654,45.149,2.363,0.113,265.0,59.245,0.999,52.657,0.0,2.829,40.427,4.92,1.583,2.241,8.218,25.546,1.337,0.113,266.0,50.0,1.09,49.017,0.0,5.728,92.705,5.938,4.221,5.987,15.613,21.965,1.15,0.116,267.0,60.3,0.775,50.728,0.0,-0.197,-4.324,7.901,-0.143,-0.194,-0.547,30.2,1.581,0.116,147.0,57.823,0.73,50.669,0.0,smacd_lower_signal,[10 14  7],14,7,,,
160.0,emacd_lower_signal^160^416^160,2026-03-01 23:00:00,2026-06-17 23:45:00,-1.881,-6.499,18.396,-0.202,-0.265,-0.353,32.161,1.683,3.087,35.0,62.857,0.585,49.816,0.0,-13.164,-349.525,16.83,-7.736,-10.062,-20.768,45.183,2.365,3.005,10.0,50.0,0.386,49.114,0.0,12.753,330.964,3.715,12.856,18.092,89.078,25.743,1.347,2.728,11.0,63.636,3.71,51.294,0.0,0.903,11.174,7.531,0.509,0.736,1.484,21.939,1.148,3.445,9.0,66.667,0.583,49.636,0.0,-0.687,-15.836,9.875,-0.524,-0.727,-1.604,30.238,1.583,2.125,8.0,62.5,0.561,48.829,0.0,emacd_lower_signal,[160 416 160],416,160,,,
70.0,emacd_lower_signal^70^154^77,2026-03-01 23:00:00,2026-06-17 23:45:00,6.905,25.308,13.326,0.787,1.012,1.899,32.154,1.683,1.174,92.0,69.565,0.515,50.254,0.0,-3.436,-50.774,13.326,-1.123,-1.503,-3.81,45.194,2.366,1.431,21.0,57.143,0.634,49.065,0.0,8.61,173.254,3.63,6.729,8.558,47.728,25.748,1.348,1.035,29.0,68.966,0.964,50.88,0.0,6.517,110.34,4.947,5.03,7.142,22.303,21.936,1.148,1.0,31.0,80.645,0.42,51.613,0.0,-4.305,-147.328,10.436,-4.88,-5.987,-14.118,30.192,1.58,1.215,14.0,64.286,0.362,48.997,0.0,emacd_lower_signal,[ 70 154  77],154,77,,,
30.0,trix_lower0^30,2026-03-01 23:00:00,2026-06-17 23:45:00,5.77,20.87,14.029,0.649,0.865,1.488,32.171,1.684,1.174,92.0,68.478,0.525,49.703,0.0,-3.442,-50.884,14.029,-1.126,-1.512,-3.627,45.203,2.366,1.113,27.0,59.259,0.603,48.327,0.0,10.344,231.349,4.928,8.985,12.632,46.947,25.749,1.348,1.035,29.0,75.862,0.688,50.155,0.0,1.084,13.541,6.425,0.616,0.882,2.108,21.979,1.15,1.24,25.0,72.0,0.435,50.78,0.0,-1.794,-46.53,8.714,-1.539,-2.104,-5.34,30.234,1.583,1.215,14.0,71.429,0.33,49.498,0.0,trix_lower0,[30],,,,,
70.0,trix_lower0^70,2026-03-01 23:00:00,2026-06-17 23:45:00,8.963,33.647,20.471,1.046,1.425,1.644,32.162,1.683,2.701,40.0,70.0,0.579,49.407,0.0,-6.873,-124.308,20.471,-2.751,-3.746,-6.072,45.192,2.365,3.338,9.0,55.556,0.515,48.819,0.0,14.624,426.54,4.566,16.568,24.502,93.412,25.745,1.348,2.0,15.0,73.333,1.944,50.518,0.0,4.503,68.003,5.741,3.1,4.659,11.845,21.937,1.148,2.819,11.0,63.636,1.09,49.428,0.0,-2.324,-63.808,9.886,-2.111,-2.891,-6.455,30.234,1.582,2.125,8.0,75.0,0.234,48.495,0.0,trix_lower0,[70],,,,,
210.0,trix_decrease^210,2026-03-01 23:00:00,2026-06-17 23:45:00,-1.983,-6.858,18.816,-0.213,-0.284,-0.364,32.161,1.683,3.001,36.0,63.889,0.555,49.633,0.0,-10.398,-232.765,17.259,-5.151,-6.821,-13.487,45.19,2.365,4.292,7.0,57.143,0.337,49.213,0.0,12.558,321.993,3.654,12.509,17.909,88.115,25.741,1.347,2.728,11.0,63.636,4.085,51.035,0.0,-3.466,-49.38,8.772,-2.251,-3.182,-5.629,21.94,1.148,3.445,9.0,66.667,0.299,49.116,0.0,0.674,15.527,8.463,0.514,0.725,1.835,30.235,1.583,1.417,12.0,58.333,0.842,48.829,0.0,trix_decrease,[210],,,,,
90.0,trix_decrease^90,2026-03-01 23:00:00,2026-06-17 23:45:00,2.254,7.82,11.257,0.243,0.312,0.695,32.153,1.683,1.256,86.0,68.605,0.49,50.113,0.0,-2.929,-42.029,11.257,-0.93,-1.25,-3.733,45.19,2.365,1.306,23.0,56.522,0.666,49.065,0.0,6.277,109.795,5.226,4.267,5.259,21.01,25.73,1.347,1.111,27.0,70.37,0.677,50.776,0.0,4.497,67.89,5.282,3.095,4.392,12.854,21.939,1.148,1.148,27.0,81.481,0.338,51.301,0.0,-5.151,-194.177,10.732,-6.424,-7.879,-18.094,30.227,1.582,1.417,12.0,58.333,0.409,48.829,0.0,trix_decrease,[90],,,,,
150.0,trix_lower_signal^150.0^90.0,2026-03-01 23:00:00,2026-06-17 23:45:00,4.081,14.469,17.847,0.45,0.589,0.811,32.162,1.683,3.274,33.0,63.636,0.681,49.929,0.0,-8.194,-160.453,17.847,-3.551,-4.786,-8.99,45.191,2.365,3.005,10.0,60.0,0.365,49.114,0.0,7.167,132.215,4.871,5.133,7.178,27.141,25.757,1.348,3.334,9.0,77.778,0.951,51.035,0.0,1.396,17.742,7.31,0.809,1.168,2.427,21.942,1.148,3.445,9.0,66.667,0.621,49.324,0.0,4.33,148.575,5.894,4.914,5.836,25.208,30.235,1.583,2.125,8.0,50.0,2.035,50.418,0.0,trix_lower_signal,[150.  90.],90.0,,,,
8.0,trix_lower_signal^8.0^10.0,2026-03-01 23:00:00,2026-06-17 23:45:00,12.965,50.967,10.883,1.587,1.926,4.683,32.117,1.681,0.192,563.0,62.167,0.673,50.875,0.0,-4.995,-80.83,10.883,-1.789,-2.053,-7.427,45.192,2.365,0.2,150.0,58.667,0.647,51.476,0.0,5.007,81.245,6.861,3.178,4.3,11.841,25.562,1.338,0.195,154.0,62.987,0.692,50.104,0.0,12.571,303.362,4.31,13.839,20.056,70.388,21.921,1.147,0.191,162.0,66.049,0.769,51.665,0.0,0.592,13.508,7.394,0.447,0.616,1.827,30.247,1.583,0.172,99.0,60.606,0.674,49.833,0.0,trix_lower_signal,[ 8. 10.],10.0,,,,
18.0,adx_plus_lower_minus^18,2026-03-01 23:00:00,2026-06-17 23:45:00,-7.267,-26.746,15.596,-0.832,-1.043,-1.715,32.161,1.683,0.216,500.0,72.4,0.354,50.904,0.0,-5.198,-85.134,15.596,-1.883,-2.436,-5.459,45.213,2.367,0.229,131.0,69.466,0.379,51.033,0.0,-4.666,-74.193,6.017,-2.884,-3.539,-12.33,25.724,1.346,0.248,121.0,70.248,0.334,50.311,0.0,6.494,109.818,4.562,5.005,6.878,24.073,21.941,1.148,0.178,174.0,78.161,0.374,52.393,0.0,-3.646,-115.829,6.721,-3.832,-4.723,-17.235,30.226,1.582,0.221,77.0,67.532,0.372,49.247,0.0,adx_plus_lower_minus,[18],,,,,
210.0,adx_plus_lower_minus^210,2026-03-01 23:00:00,2026-06-17 23:45:00,-6.433,-23.445,23.152,-0.729,-0.964,-1.013,32.165,1.684,0.956,113.0,79.646,0.217,49.633,0.0,-10.053,-220.367,23.152,-4.876,-6.445,-9.518,45.19,2.365,1.878,16.0,81.25,0.1,48.671,0.0,6.19,107.708,6.735,4.182,5.408,15.993,25.757,1.348,0.652,46.0,86.957,0.34,50.828,0.0,-1.637,-21.082,6.655,-0.961,-1.384,-3.168,21.947,1.149,0.861,36.0,75.0,0.268,49.896,0.0,-0.414,-9.279,9.374,-0.307,-0.472,-0.99,30.253,1.583,0.945,18.0,72.222,0.36,48.829,0.0,adx_plus_lower_minus,[210],,,,,
6.0,tsi_lower_signal^6^3^2^SMA,2026-03-01 23:00:00,2026-06-17 23:45:00,8.114,30.161,19.15,0.94,1.192,1.575,32.069,1.679,0.056,1926.0,60.436,0.682,51.116,0.0,-14.262,-405.509,14.735,-9.003,-11.706,-27.52,45.041,2.358,0.057,531.0,55.556,0.678,50.098,0.0,6.842,123.769,5.18,4.844,6.402,23.894,25.553,1.338,0.057,530.0,61.509,0.71,51.863,0.0,11.76,270.458,3.208,12.315,17.344,84.299,21.962,1.15,0.059,528.0,62.5,0.755,51.093,0.0,5.597,222.214,5.822,7.35,8.894,38.17,30.233,1.582,0.05,340.0,62.647,0.693,51.589,0.0,tsi_lower_signal,[6 3 2 'SMA'],3,2,SMA,,
180.0,tsi_lower_signal^180^72^90^SMA,2026-03-01 23:00:00,2026-06-17 23:45:00,35.749,180.847,9.694,5.624,7.357,18.656,32.159,1.683,1.688,64.0,65.625,1.022,50.664,0.0,16.494,539.526,9.129,11.939,16.765,59.098,45.191,2.365,1.581,19.0,63.158,1.225,49.163,0.0,8.314,164.335,4.634,6.381,8.53,35.462,25.752,1.348,1.429,21.0,66.667,1.178,50.983,0.0,8.33,156.609,4.568,7.14,10.173,34.281,21.933,1.148,1.824,17.0,70.588,1.042,51.665,0.0,-0.691,-15.944,9.694,-0.527,-0.573,-1.645,30.237,1.583,1.7,10.0,50.0,0.922,51.003,0.0,tsi_lower_signal,[180 72 90 'SMA'],72,90,SMA,,
170.0,rsi_fast_lower_slow^170^476,2026-03-01 23:00:00,2026-06-17 23:45:00,-2.901,-10.146,21.259,-0.316,-0.417,-0.477,32.07,1.679,0.436,248.0,87.903,0.136,49.944,0.0,-10.693,-243.738,21.259,-5.41,-7.308,-11.465,45.05,2.358,0.639,47.0,85.106,0.109,48.376,0.0,10.37,232.308,5.029,9.019,11.996,46.193,25.757,1.348,0.33,91.0,90.11,0.244,51.087,0.0,1.787,23.203,4.729,1.068,1.501,4.907,21.736,1.138,0.437,71.0,87.324,0.175,50.78,0.0,-3.223,-97.692,10.967,-3.23,-4.336,-8.908,30.24,1.583,0.405,42.0,85.714,0.117,49.331,0.0,rsi_fast_lower_slow,[170 476],476,,,,
230.0,rsi_fast_lower_slow^230^414,2026-03-01 23:00:00,2026-06-17 23:45:00,2.675,9.328,21.704,0.291,0.383,0.43,32.068,1.678,0.403,268.0,90.299,0.119,49.944,0.0,-9.037,-186.195,21.704,-4.133,-5.557,-8.579,45.054,2.358,0.546,55.0,90.909,0.068,48.474,0.0,11.731,285.756,5.181,11.105,15.127,55.151,25.732,1.347,0.362,83.0,90.361,0.263,50.466,0.0,5.148,80.634,5.075,3.71,5.243,15.889,21.736,1.138,0.365,85.0,92.941,0.122,51.093,0.0,-3.925,-128.66,10.967,-4.254,-5.605,-11.732,30.247,1.583,0.354,48.0,85.417,0.106,49.666,0.0,rsi_fast_lower_slow,[230 414],414,,,,
70.0,supertrend_short_period^70.0^3.9,2026-03-01 23:00:00,2026-06-17 23:45:00,3.713,13.109,18.923,0.408,0.505,0.693,32.155,1.683,0.878,123.0,64.228,0.61,49.972,0.0,-2.246,-30.988,18.923,-0.686,-0.807,-1.638,45.184,2.365,0.77,39.0,66.667,0.483,50.344,0.0,10.615,241.407,4.7,9.379,13.081,51.367,25.74,1.347,0.811,37.0,67.568,0.929,50.311,0.0,-3.036,-42.223,5.233,-1.924,-2.629,-8.068,21.943,1.149,0.969,32.0,62.5,0.46,50.416,0.0,-1.076,-25.864,8.748,-0.855,-1.23,-2.957,30.232,1.582,0.945,18.0,50.0,0.925,48.077,0.0,supertrend_short_period,[70.   3.9],3.9,,,,
160.0,supertrend_short_period^160.0^3.7,2026-03-01 23:00:00,2026-06-17 23:45:00,14.856,59.677,12.312,1.856,2.268,4.847,32.161,1.683,0.777,139.0,62.59,0.755,50.65,0.0,4.906,78.974,12.312,1.747,2.028,6.414,45.195,2.366,0.639,47.0,68.085,0.577,51.427,0.0,11.726,285.548,4.617,11.091,15.025,61.847,25.745,1.348,0.769,39.0,66.667,0.988,50.621,0.0,-3.183,-44.631,5.646,-2.034,-2.794,-7.905,21.942,1.149,0.912,34.0,58.824,0.532,50.676,0.0,1.222,29.828,4.706,0.986,1.37,6.338,30.241,1.583,0.773,22.0,45.455,1.368,49.331,0.0,supertrend_short_period,[160.    3.7],3.7,,,,
10.0,ma_atr_short_period^10.0^10.0^2.8,2026-03-01 23:00:00,2026-06-17 23:45:00,30.596,146.427,13.567,4.554,6.22,10.793,32.155,1.683,13.506,8.0,75.0,5.393,50.551,0.0,10.963,254.073,13.567,5.623,7.842,18.727,45.187,2.365,15.023,2.0,50.0,12.681,51.28,0.0,8.036,156.177,4.407,6.064,7.697,35.44,25.753,1.348,10.002,3.0,66.667,100.0,51.76,0.0,6.264,104.546,4.869,4.766,6.622,21.471,21.935,1.148,15.503,2.0,100.0,100.0,49.636,0.0,2.511,70.365,7.775,2.327,3.776,9.05,30.233,1.582,4.251,4.0,50.0,2.459,48.746,0.0,ma_atr_short_period,[10.  10.   2.8],10.0,2.8,,,
6.0,ma_atr_short_period^6.0^5.0^1.8,2026-03-01 23:00:00,2026-06-17 23:45:00,65.646,450.22,8.068,14.007,19.278,55.801,32.141,1.682,36.016,3.0,100.0,100.0,51.172,0.0,43.3,7825.491,5.049,173.49,258.034,1549.98,45.106,2.361,15.023,2.0,100.0,100.0,52.215,0.0,7.977,154.485,4.407,5.999,7.687,35.056,25.754,1.348,15.003,2.0,100.0,100.0,51.19,0.0,1.08,13.488,5.478,0.615,0.825,2.462,21.941,1.148,31.006,1.0,100.0,100.0,50.624,0.0,5.908,243.206,8.068,8.046,10.379,30.143,30.226,1.582,17.004,1.0,100.0,100.0,50.167,0.0,ma_atr_short_period,[6.  5.  1.8],5.0,1.8,,,
11.0,stoch_k_lower_d^11^10^10,2026-03-01 23:00:00,2026-06-17 23:45:00,14.079,56.056,12.702,1.743,2.178,4.413,32.164,1.684,0.168,645.0,60.0,0.738,50.48,0.0,5.443,90.436,12.702,2.001,2.382,7.12,45.198,2.366,0.16,188.0,59.043,0.77,51.181,0.0,3.021,43.662,7.098,1.696,2.315,6.151,25.75,1.348,0.172,174.0,58.046,0.802,50.207,0.0,5.919,96.865,4.916,4.415,6.503,19.705,21.941,1.148,0.177,175.0,62.857,0.712,50.728,0.0,-0.854,-20.038,9.277,-0.662,-0.907,-2.16,30.259,1.584,0.153,111.0,60.36,0.639,49.247,0.0,stoch_k_lower_d,[11 10 10],10,10,,,
180.0,stoch_k_lower_d^180^144^90,2026-03-01 23:00:00,2026-06-17 23:45:00,33.14,163.026,10.398,5.07,6.944,15.679,32.154,1.683,2.001,54.0,64.815,1.018,49.788,0.0,15.619,483.535,8.713,10.703,15.897,55.495,45.178,2.365,2.003,15.0,60.0,1.279,48.474,0.0,5.371,89.034,5.253,3.457,4.974,16.95,25.759,1.348,1.579,19.0,63.158,1.097,50.518,0.0,7.212,127.105,4.5,5.795,8.577,28.243,21.935,1.148,2.067,15.0,73.333,0.831,49.792,0.0,1.93,50.798,10.398,1.68,1.829,4.886,30.237,1.583,2.125,8.0,62.5,0.718,50.753,0.0,stoch_k_lower_d,[180 144  90],144,90,,,
210.0,kdj_k_lower_d^210^84^105,2026-03-01 23:00:00,2026-06-17 23:45:00,1.998,6.911,15.039,0.215,0.276,0.46,32.158,1.683,1.801,60.0,63.333,0.625,49.703,0.0,-4.58,-72.333,15.039,-1.601,-2.152,-4.81,45.188,2.365,2.003,15.0,60.0,0.512,48.622,0.0,12.416,315.566,4.481,12.261,17.231,70.423,25.736,1.347,1.429,21.0,76.19,0.952,50.621,0.0,0.837,10.311,5.776,0.47,0.656,1.785,21.943,1.149,2.067,15.0,60.0,0.757,50.208,0.0,-5.704,-229.303,10.535,-7.586,-8.269,-21.766,30.229,1.582,1.417,12.0,58.333,0.39,49.164,0.0,kdj_k_lower_d,[210  84 105],84,105,,,
8.0,kdj_k_lower_d^8^7^7,2026-03-01 23:00:00,2026-06-17 23:45:00,15.054,60.607,14.054,1.882,2.431,4.312,32.2,1.685,0.101,1069.0,63.985,0.615,51.101,0.0,11.011,255.935,14.054,5.639,7.495,18.211,45.387,2.376,0.094,319.0,64.263,0.655,52.461,0.0,1.231,16.055,6.058,0.628,0.784,2.65,25.56,1.338,0.105,287.0,64.46,0.571,51.139,0.0,1.464,18.665,6.471,0.849,1.172,2.885,21.993,1.151,0.108,286.0,64.336,0.579,50.468,0.0,0.901,21.244,5.508,0.703,0.9,3.857,30.212,1.581,0.095,179.0,62.011,0.64,49.666,0.0,kdj_k_lower_d,[8 7 7],7,7,,,
140.0,smi_k_lower_d^140^126^126,2026-03-01 23:00:00,2026-06-17 23:45:00,11.839,45.944,13.547,1.428,1.91,3.392,32.163,1.683,2.843,38.0,55.263,1.138,49.746,0.0,-0.532,-6.655,13.547,-0.147,-0.208,-0.491,45.202,2.366,2.731,11.0,45.455,1.193,48.524,0.0,3.215,46.978,7.891,1.824,2.491,5.953,25.759,1.348,2.728,11.0,54.545,1.363,50.311,0.0,4.513,68.188,5.597,3.108,4.474,12.182,21.938,1.148,2.819,11.0,63.636,1.153,50.312,0.0,4.229,143.463,5.821,4.745,5.656,24.647,30.232,1.582,2.125,8.0,50.0,2.017,49.916,0.0,smi_k_lower_d,[140 126 126],126,126,,,
170.0,smi_k_lower_d^170^119^153,2026-03-01 23:00:00,2026-06-17 23:45:00,30.592,146.401,10.124,4.553,6.357,14.461,32.152,1.683,3.001,36.0,52.778,1.872,49.732,0.0,15.825,496.264,10.124,10.986,16.6,49.019,45.173,2.364,2.731,11.0,45.455,2.534,48.868,0.0,5.265,86.732,6.971,3.368,4.678,12.441,25.753,1.348,2.728,11.0,54.545,1.792,50.518,0.0,3.575,51.24,6.639,2.335,3.381,7.718,21.94,1.148,3.445,9.0,66.667,0.809,49.948,0.0,3.411,105.576,6.01,3.492,4.195,17.567,30.234,1.583,2.125,8.0,50.0,1.846,49.498,0.0,smi_k_lower_d,[170 119 153],119,153,,,
16.0,rvi_lower_signal^16^6,2026-03-01 23:00:00,2026-06-17 23:45:00,1.363,4.681,22.625,0.146,0.168,0.207,32.056,1.678,0.052,2093.0,67.606,0.486,51.822,0.0,-14.311,-408.163,20.254,-9.023,-10.156,-20.152,45.236,2.368,0.052,581.0,65.232,0.45,51.722,0.0,6.019,103.684,4.687,4.075,4.988,22.121,25.442,1.332,0.052,573.0,69.808,0.485,52.381,0.0,12.325,293.101,3.339,13.57,18.895,87.794,21.599,1.131,0.051,606.0,67.657,0.61,51.821,0.0,-0.671,-15.448,6.273,-0.51,-0.608,-2.463,30.273,1.585,0.051,335.0,67.761,0.469,51.003,0.0,rvi_lower_signal,[16  6],6,,,,
6.0,rvi_lower_signal^6^3,2026-03-01 23:00:00,2026-06-17 23:45:00,17.107,70.499,14.675,2.205,2.592,4.804,31.975,1.674,0.037,2916.0,64.506,0.587,51.553,0.0,-8.139,-158.834,12.89,-3.513,-4.003,-12.323,45.219,2.367,0.037,813.0,63.715,0.531,50.935,0.0,6.861,124.251,6.461,4.967,6.437,19.232,25.017,1.309,0.037,814.0,65.111,0.596,51.812,0.0,8.849,171.471,4.162,7.88,10.756,41.202,21.76,1.139,0.039,797.0,64.743,0.632,51.717,0.0,9.603,616.961,5.58,20.416,25.735,110.559,30.219,1.582,0.034,495.0,64.04,0.697,51.923,0.0,rvi_lower_signal,[6 3],3,,,,
180.0,tsi_oversold^180^90^0.0^EMA,2026-03-01 23:00:00,2026-06-17 23:45:00,8.458,31.565,20.471,0.982,1.327,1.542,32.159,1.683,2.573,42.0,78.571,0.364,49.605,0.0,-5.076,-82.541,20.471,-1.826,-2.471,-4.032,45.195,2.366,4.292,7.0,71.429,0.28,49.311,0.0,8.899,182.236,5.979,7.077,10.065,30.479,25.749,1.348,2.0,15.0,80.0,0.767,50.569,0.0,9.156,180.64,5.741,8.238,12.521,31.465,21.927,1.148,2.067,15.0,80.0,0.755,49.688,0.0,-3.882,-126.644,10.928,-4.189,-5.763,-11.589,30.229,1.582,2.125,8.0,62.5,0.344,48.328,0.0,tsi_oversold,[180 90 0.0 'EMA'],90,0.0,EMA,,
110.0,tsi_oversold^110^99^0.0^EMA,2026-03-01 23:00:00,2026-06-17 23:45:00,19.75,83.853,20.471,2.607,3.549,4.096,32.16,1.683,2.161,50.0,78.0,0.481,49.873,0.0,-0.337,-4.172,20.471,-0.092,-0.126,-0.204,45.197,2.366,3.338,9.0,66.667,0.52,49.163,0.0,12.453,317.21,5.244,12.32,17.808,60.489,25.747,1.348,1.579,19.0,78.947,1.062,50.88,0.0,5.106,79.778,5.741,3.637,5.45,13.896,21.937,1.148,1.824,17.0,82.353,0.402,49.74,0.0,1.656,42.323,9.875,1.4,1.944,4.286,30.237,1.583,2.125,8.0,75.0,0.452,49.582,0.0,tsi_oversold,[110 99 0.0 'EMA'],99,0.0,EMA,,
200.0,rsi_oversold^200^50,2026-03-01 23:00:00,2026-06-17 23:45:00,9.292,35.014,20.051,1.094,1.47,1.746,32.0,1.675,0.454,238.0,90.336,0.139,49.887,0.0,-7.61,-143.847,20.051,-3.183,-4.173,-7.174,45.188,2.365,0.567,53.0,84.906,0.113,49.852,0.0,14.078,396.815,6.067,15.417,22.605,65.407,25.739,1.347,0.37,81.0,95.062,0.192,50.776,0.0,2.862,39.423,5.075,1.796,2.648,7.768,21.949,1.149,0.456,68.0,89.706,0.159,49.48,0.0,0.806,18.828,10.055,0.646,0.975,1.872,29.133,1.525,0.447,38.0,89.474,0.137,49.08,0.0,rsi_oversold,[200  50],50,,,,
60.0,rsi_oversold^60^50,2026-03-01 23:00:00,2026-06-17 23:45:00,10.905,41.866,17.808,1.303,1.682,2.351,32.138,1.682,0.249,434.0,85.484,0.202,50.819,0.0,3.218,46.958,17.808,1.039,1.361,2.637,45.203,2.366,0.24,125.0,88.0,0.157,51.23,0.0,5.171,84.719,4.099,3.296,4.298,20.67,25.707,1.346,0.261,115.0,80.87,0.36,50.414,0.0,8.745,168.433,4.561,7.706,10.725,36.933,21.856,1.144,0.217,143.0,88.811,0.207,51.873,0.0,-6.054,-253.505,9.373,-8.387,-10.968,-27.048,30.226,1.582,0.315,54.0,79.63,0.129,48.997,0.0,rsi_oversold,[60 50],50,,,,
130.0,stoch_k_oversold^130^78^50,2026-03-01 23:00:00,2026-06-17 23:45:00,5.213,18.733,20.77,0.582,0.791,0.902,32.162,1.683,1.929,56.0,67.857,0.563,49.28,0.0,-9.301,-194.747,20.77,-4.309,-5.856,-9.377,45.192,2.365,2.003,15.0,60.0,0.412,48.13,0.0,7.091,130.212,4.61,5.056,7.338,28.245,25.755,1.348,2.0,15.0,66.667,1.534,49.741,0.0,5.284,83.405,5.21,3.801,5.678,16.008,21.941,1.148,1.824,17.0,76.471,0.537,49.896,0.0,2.883,84.143,6.32,2.783,3.917,13.313,30.234,1.583,1.417,12.0,75.0,0.465,49.415,0.0,stoch_k_oversold,[130  78  50],78,50,,,
11.0,stoch_k_oversold^11^10^50,2026-03-01 23:00:00,2026-06-17 23:45:00,21.56,93.41,12.28,2.917,3.656,7.607,32.02,1.676,0.247,437.0,64.531,0.672,50.438,0.0,1.336,17.5,12.28,0.387,0.463,1.425,45.189,2.365,0.259,116.0,63.793,0.604,50.984,0.0,3.865,58.646,5.454,2.324,3.118,10.753,25.23,1.321,0.252,119.0,65.546,0.619,50.207,0.0,7.661,138.559,4.575,6.346,9.185,30.283,21.836,1.143,0.254,122.0,65.574,0.716,50.156,0.0,7.283,352.798,5.778,11.673,17.317,61.059,30.223,1.582,0.207,82.0,62.195,0.906,50.334,0.0,stoch_k_oversold,[11 10 50],10,50,,,
29.0,stoch_d_oversold^29^23^26^50,2026-03-01 23:00:00,2026-06-17 23:45:00,5.626,20.312,18.301,0.632,0.869,1.11,32.12,1.681,0.8,135.0,55.556,0.905,49.647,0.0,0.079,0.966,18.301,0.021,0.03,0.053,45.198,2.366,0.699,43.0,55.814,0.819,49.213,0.0,6.054,104.504,5.93,4.058,5.962,17.623,25.75,1.348,0.79,38.0,57.895,1.15,50.052,0.0,1.281,16.17,5.103,0.744,1.043,3.168,21.733,1.138,0.861,36.0,58.333,0.813,51.093,0.0,-1.748,-45.093,7.713,-1.491,-2.154,-5.846,30.234,1.583,0.81,21.0,47.619,0.969,47.324,0.0,stoch_d_oversold,[29 23 26 50],23,26,50,,
8.0,stoch_d_oversold^8^6^6^50,2026-03-01 23:00:00,2026-06-17 23:45:00,37.079,190.256,12.249,5.941,7.592,15.532,32.022,1.676,0.198,545.0,62.936,0.776,50.593,0.0,17.751,628.648,7.409,13.916,17.13,84.851,45.175,2.365,0.181,166.0,59.639,0.956,50.984,0.0,-0.888,-11.357,8.857,-0.45,-0.608,-1.282,25.242,1.321,0.206,146.0,61.644,0.607,49.638,0.0,6.892,119.253,4.769,5.46,7.657,25.006,21.843,1.143,0.215,144.0,63.194,0.773,50.78,0.0,9.886,657.83,6.263,21.768,32.034,105.035,30.22,1.582,0.187,91.0,71.429,0.651,51.171,0.0,stoch_d_oversold,[ 8  6  6 50],6,6,50,,
170.0,kdj_k_oversold^170^51^50,2026-03-01 23:00:00,2026-06-17 23:45:00,9.969,37.861,20.471,1.177,1.602,1.85,32.165,1.684,2.001,54.0,74.074,0.467,49.506,0.0,-5.106,-83.176,20.471,-1.84,-2.49,-4.063,45.203,2.366,2.731,11.0,63.636,0.454,48.671,0.0,10.555,239.144,4.811,9.287,13.74,49.71,25.751,1.348,1.429,21.0,76.19,0.797,50.052,0.0,3.076,42.874,5.878,1.954,2.872,7.295,21.942,1.149,2.067,15.0,73.333,0.562,50.208,0.0,1.693,43.421,7.953,1.436,2.042,5.46,30.235,1.583,1.7,10.0,70.0,0.549,48.829,0.0,kdj_k_oversold,[170  51  50],51,50,,,
100.0,kdj_k_oversold^100^80^50,2026-03-01 23:00:00,2026-06-17 23:45:00,25.061,112.881,14.549,3.51,4.713,7.759,32.156,1.683,1.544,70.0,74.286,0.591,50.099,0.0,-6.103,-105.437,14.549,-2.333,-3.122,-7.247,45.189,2.365,1.767,17.0,58.824,0.491,48.228,0.0,22.27,1055.492,3.936,41.049,59.601,268.152,25.713,1.346,1.2,25.0,80.0,1.36,51.656,0.0,5.836,95.051,4.967,4.333,6.421,19.136,21.938,1.148,1.632,19.0,78.947,0.554,50.832,0.0,2.921,85.613,6.876,2.832,3.994,12.451,30.234,1.583,1.417,12.0,66.667,0.722,49.498,0.0,kdj_k_oversold,[100  80  50],80,50,,,
110.0,kdj_d_oversold^110^88^33^50,2026-03-01 23:00:00,2026-06-17 23:45:00,5.036,18.059,20.355,0.562,0.768,0.887,32.152,1.683,2.001,54.0,70.37,0.501,49.336,0.0,-6.067,-104.591,20.355,-2.314,-3.224,-5.138,45.193,2.366,2.311,13.0,61.538,0.464,48.13,0.0,1.368,17.985,5.151,0.698,0.972,3.492,25.758,1.348,1.765,17.0,76.471,0.411,49.638,0.0,7.021,122.369,4.811,5.58,8.333,25.435,21.931,1.148,2.067,15.0,80.0,0.585,50.26,0.0,3.072,91.569,5.672,3.034,4.228,16.144,30.183,1.58,1.417,12.0,66.667,0.75,49.331,0.0,kdj_d_oversold,[110  88  33  50],88,33,50,,
90.0,kdj_d_oversold^90^54^27^50,2026-03-01 23:00:00,2026-06-17 23:45:00,22.72,99.716,15.943,3.101,4.203,6.255,32.152,1.683,1.544,70.0,74.286,0.576,49.901,0.0,-3.004,-43.292,15.721,-0.958,-1.304,-2.754,45.199,2.366,1.767,17.0,64.706,0.473,48.327,0.0,16.06,512.71,3.936,19.924,28.545,130.256,25.734,1.347,1.429,21.0,76.19,1.475,51.294,0.0,7.102,124.363,4.568,5.669,8.47,27.222,21.936,1.148,1.476,21.0,80.952,0.508,50.416,0.0,1.782,46.149,7.518,1.529,2.132,6.139,30.183,1.58,1.215,14.0,71.429,0.515,49.415,0.0,kdj_d_oversold,[90 54 27 50],54,27,50,,
80.0,smi_oversold^80^64^0.0^EMA,2026-03-01 23:00:00,2026-06-17 23:45:00,6.087,22.097,23.901,0.687,0.935,0.925,32.162,1.683,1.863,58.0,74.138,0.417,49.435,0.0,-11.327,-268.444,22.326,-5.941,-8.175,-12.024,45.187,2.365,2.311,13.0,61.538,0.332,47.736,0.0,9.298,195.073,4.08,7.576,10.633,47.811,25.75,1.348,1.429,21.0,80.952,0.678,50.518,0.0,10.21,214.269,3.92,9.77,14.987,54.661,21.93,1.148,2.067,15.0,80.0,0.769,50.728,0.0,-0.682,-15.726,7.811,-0.52,-0.73,-2.013,30.239,1.583,1.417,12.0,75.0,0.311,48.411,0.0,smi_oversold,[80 64 0.0 'EMA'],64,0.0,EMA,,
70.0,smi_oversold^70^42^0.0^EMA,2026-03-01 23:00:00,2026-06-17 23:45:00,22.001,95.793,14.471,2.979,4.022,6.62,32.16,1.683,1.46,74.0,72.973,0.601,50.085,0.0,-0.643,-8.097,12.795,-0.179,-0.243,-0.633,45.202,2.366,1.767,17.0,64.706,0.541,48.77,0.0,14.0,392.725,3.936,15.259,21.814,99.773,25.738,1.347,1.305,23.0,73.913,1.293,50.88,0.0,7.03,122.601,4.568,5.589,8.197,26.836,21.937,1.148,1.348,23.0,82.609,0.447,50.989,0.0,0.634,14.531,7.562,0.481,0.673,1.922,30.235,1.583,1.215,14.0,64.286,0.61,49.498,0.0,smi_oversold,[70 42 0.0 'EMA'],42,0.0,EMA,,
100.0,smi_d_oversold^100^80^90^0.0^SMA,2026-03-01 23:00:00,2026-06-17 23:45:00,3.856,13.638,19.452,0.424,0.582,0.701,32.161,1.683,3.087,35.0,57.143,0.896,49.153,0.0,-2.508,-35.125,19.452,-0.777,-1.066,-1.806,45.195,2.366,3.338,9.0,55.556,0.717,48.819,0.0,-0.441,-5.506,8.735,-0.214,-0.289,-0.63,25.761,1.348,3.001,10.0,50.0,0.968,49.12,0.0,10.781,233.99,2.792,10.672,15.654,83.803,21.925,1.148,2.215,14.0,64.286,2.495,50.728,0.0,-3.42,-105.929,10.961,-3.504,-5.665,-9.664,30.232,1.582,3.401,5.0,60.0,0.201,47.157,0.0,smi_d_oversold,[100 80 90 0.0 'SMA'],80,90,0.0,SMA,
8.0,smi_d_oversold^8^4^6^0.0^SMA,2026-03-01 23:00:00,2026-06-17 23:45:00,32.301,157.463,9.713,4.917,6.295,16.211,32.025,1.676,0.199,543.0,61.326,0.809,50.014,0.0,13.979,390.495,9.713,8.643,10.581,40.201,45.182,2.365,0.185,162.0,59.877,0.905,50.787,0.0,2.884,41.342,6.862,1.637,2.245,6.024,25.248,1.322,0.2,150.0,60.0,0.745,49.379,0.0,6.238,103.944,4.361,4.757,6.907,23.833,21.853,1.144,0.218,142.0,62.676,0.76,49.844,0.0,6.2,264.092,5.922,8.739,12.734,44.593,30.221,1.582,0.187,91.0,64.835,0.755,50.0,0.0,smi_d_oversold,[8 4 6 0.0 'SMA'],4,6,0.0,SMA,
23.0,rvi_oversold^23^0.0^SMA,2026-03-01 23:00:00,2026-06-17 23:45:00,0.86,2.936,18.311,0.091,0.114,0.16,32.088,1.68,0.146,740.0,68.649,0.466,51.384,0.0,2.339,32.454,18.311,0.718,0.933,1.772,45.179,2.365,0.149,201.0,70.149,0.459,52.411,0.0,0.819,10.435,4.903,0.406,0.489,2.128,25.721,1.346,0.14,215.0,65.581,0.545,51.708,0.0,-1.342,-17.004,7.432,-0.785,-1.064,-2.288,21.651,1.133,0.149,208.0,68.269,0.444,50.676,0.0,-0.91,-21.479,5.041,-0.711,-0.859,-4.261,30.229,1.582,0.143,119.0,71.429,0.384,50.251,0.0,rvi_oversold,[23 0.0 'SMA'],0.0,SMA,,,
40.0,rvi_oversold^40^0.0^SMA,2026-03-01 23:00:00,2026-06-17 23:45:00,6.248,22.726,17.448,0.71,0.939,1.302,32.007,1.675,0.214,506.0,69.763,0.473,50.65,0.0,8.088,157.359,17.448,3.481,4.607,9.019,45.204,2.366,0.196,153.0,75.163,0.417,51.624,0.0,2.083,28.518,5.358,1.107,1.434,5.322,25.756,1.348,0.233,129.0,66.667,0.567,50.828,0.0,-2.066,-27.229,5.197,-1.241,-1.652,-5.239,21.95,1.149,0.212,146.0,69.863,0.387,51.301,0.0,-1.681,-43.064,9.407,-1.478,-2.331,-4.578,29.135,1.525,0.213,80.0,63.75,0.519,47.575,0.0,rvi_oversold,[40 0.0 'SMA'],0.0,SMA,,,
110.0,rvi_signal_oversold^110^99^0.0^EMA,2026-03-01 23:00:00,2026-06-17 23:45:00,4.159,14.76,22.109,0.459,0.611,0.668,32.16,1.683,2.349,46.0,73.913,0.42,49.746,0.0,-13.766,-379.508,22.109,-8.401,-11.098,-17.165,45.176,2.365,4.292,7.0,57.143,0.219,48.622,0.0,11.268,266.743,4.492,10.359,15.015,59.38,25.749,1.348,2.0,15.0,73.333,1.26,50.828,0.0,10.095,210.409,5.075,9.596,14.492,41.461,21.927,1.148,1.632,19.0,78.947,0.779,50.208,0.0,-1.401,-34.828,9.875,-1.152,-1.585,-3.527,30.242,1.583,2.125,8.0,75.0,0.281,49.08,0.0,rvi_signal_oversold,[110 99 0.0 'EMA'],99,0.0,EMA,,
11.0,rvi_signal_oversold^11^3^0.0^SMA,2026-03-01 23:00:00,2026-06-17 23:45:00,14.311,57.132,9.709,1.776,2.139,5.884,32.168,1.684,0.18,601.0,66.223,0.578,51.341,0.0,2.87,41.039,9.709,0.908,1.048,4.227,45.178,2.365,0.17,177.0,64.407,0.599,52.559,0.0,3.231,47.252,4.513,1.833,2.364,10.47,25.78,1.349,0.184,163.0,67.485,0.543,50.155,0.0,7.129,125.031,3.873,5.693,7.622,32.283,21.964,1.15,0.182,170.0,66.471,0.656,52.341,0.0,0.488,11.033,7.093,0.365,0.505,1.556,30.266,1.584,0.181,94.0,67.021,0.513,49.582,0.0,rvi_signal_oversold,[11 3 0.0 'SMA'],3,0.0,SMA,,
160.0,bb_neutral^160.0^2.5,2026-03-01 23:00:00,2026-06-17 23:45:00,-8.435,-31.471,19.541,-0.979,-1.33,-1.61,32.146,1.683,0.581,186.0,44.086,1.129,49.054,0.0,-3.568,-53.132,16.615,-1.176,-1.635,-3.198,45.19,2.365,0.455,66.0,40.909,1.316,48.524,0.0,-6.475,-114.602,11.415,-4.46,-5.445,-10.04,25.695,1.345,0.732,41.0,39.024,0.898,50.104,0.0,-3.392,-48.125,8.215,-2.194,-3.256,-5.858,21.938,1.148,0.585,53.0,43.396,1.019,48.751,0.0,5.094,190.771,5.162,6.309,10.03,36.959,30.238,1.583,0.586,29.0,58.621,1.165,48.746,0.0,bb_neutral,[160.    2.5],2.5,,,,
8.0,bb_neutral^8.0^1.5,2026-03-01 23:00:00,2026-06-17 23:45:00,16.456,67.317,18.123,2.088,2.971,3.714,32.239,1.687,0.05,2148.0,48.417,1.138,49.591,0.0,24.999,1405.875,4.663,31.005,45.809,301.494,45.343,2.373,0.05,601.0,50.915,1.22,50.738,0.0,-10.352,-231.661,14.622,-9.002,-11.359,-15.844,25.735,1.347,0.052,572.0,45.455,1.004,49.224,0.0,5.664,91.35,6.909,4.156,6.095,13.222,21.981,1.151,0.05,616.0,49.838,1.116,49.324,0.0,-1.642,-41.894,11.687,-1.385,-2.219,-3.585,30.252,1.583,0.047,361.0,46.537,1.112,48.662,0.0,bb_neutral,[8.  1.5],1.5,,,,
190.0,kc_neutral^190.0^114.0^3.3,2026-03-01 23:00:00,2026-06-17 23:45:00,-2.001,-6.924,21.516,-0.216,-0.274,-0.322,32.095,1.68,0.245,441.0,46.032,1.17,49.252,0.0,2.647,37.381,13.145,0.83,1.018,2.844,45.037,2.357,0.199,151.0,45.695,1.318,49.311,0.0,-10.242,-227.653,13.779,-8.846,-11.167,-16.522,25.735,1.347,0.3,100.0,34.0,1.07,49.017,0.0,-2.587,-35.092,5.166,-1.6,-2.314,-6.793,21.932,1.148,0.282,110.0,50.909,0.85,49.48,0.0,9.183,560.2,4.695,18.541,29.18,119.309,30.213,1.581,0.205,83.0,55.422,1.414,49.08,0.0,kc_neutral,[190.  114.    3.3],114.0,3.3,,,
55.0,kc_neutral^55.0^66.0^2.7,2026-03-01 23:00:00,2026-06-17 23:45:00,9.335,35.195,15.147,1.094,1.527,2.324,32.167,1.684,0.203,532.0,44.737,1.354,48.842,0.0,12.643,325.019,10.075,7.194,10.367,32.26,45.181,2.365,0.216,139.0,46.043,1.562,49.213,0.0,-3.141,-45.701,10.235,-1.774,-2.242,-4.465,25.756,1.348,0.231,130.0,46.154,1.046,49.379,0.0,1.538,19.701,6.534,0.896,1.331,3.015,21.976,1.15,0.186,167.0,47.904,1.161,49.324,0.0,-1.305,-32.119,7.341,-1.062,-1.629,-4.375,30.252,1.583,0.172,99.0,36.364,1.644,46.572,0.0,kc_neutral,[55.  66.   2.7],66.0,2.7,,,
50.0,tsi_neutral^50^20^5.0^-5.0^SMA,2026-03-01 23:00:00,2026-06-17 23:45:00,24.317,108.637,19.093,3.383,4.279,5.69,32.109,1.681,0.48,225.0,55.556,1.108,50.268,0.0,0.847,10.792,15.418,0.239,0.289,0.7,45.192,2.365,0.435,69.0,49.275,1.107,50.049,0.0,4.005,61.275,8.196,2.398,3.374,7.476,25.558,1.338,0.476,63.0,55.556,1.019,49.068,0.0,4.179,61.972,5.149,2.826,4.101,12.036,21.929,1.148,0.492,63.0,57.143,0.985,50.728,0.0,13.769,1498.102,3.793,49.631,70.525,394.986,30.185,1.58,0.515,33.0,69.697,1.378,51.756,0.0,tsi_neutral,[50 20 5.0 -5.0 'SMA'],20,5.0,-5.0,SMA,
30.0,tsi_neutral^30^27^5.0^-5.0^SMA,2026-03-01 23:00:00,2026-06-17 23:45:00,54.424,334.108,9.309,10.393,13.676,35.89,32.146,1.683,0.402,269.0,53.903,1.527,50.127,0.0,21.518,968.354,9.309,21.437,26.345,104.02,45.172,2.364,0.371,81.0,60.494,1.32,51.526,0.0,7.998,155.104,4.453,6.025,9.059,34.833,25.745,1.348,0.423,71.0,53.521,1.336,48.499,0.0,0.352,4.226,4.783,0.193,0.26,0.884,21.943,1.149,0.425,73.0,46.575,1.185,50.312,0.0,17.252,2954.709,1.986,97.97,170.653,1488.047,30.159,1.579,0.362,47.0,55.319,3.14,50.0,0.0,tsi_neutral,[30 27 5.0 -5.0 'SMA'],27,5.0,-5.0,SMA,
190.0,rsi_neutral^190^55^45,2026-03-01 23:00:00,2026-06-17 23:45:00,-2.897,-10.13,16.09,-0.315,-0.38,-0.63,32.161,1.683,0.73,148.0,35.811,1.756,49.407,0.0,-4.732,-75.413,16.09,-1.668,-1.967,-4.687,45.206,2.366,0.626,48.0,18.75,3.646,48.967,0.0,0.063,0.765,8.965,0.03,0.039,0.085,25.737,1.347,0.652,46.0,50.0,1.024,49.948,0.0,0.393,4.733,8.325,0.216,0.331,0.569,21.947,1.149,0.689,45.0,35.556,1.917,48.907,0.0,1.466,36.699,3.907,1.214,1.394,9.394,30.233,1.582,1.546,11.0,54.545,1.038,50.084,0.0,rsi_neutral,[190  55  45],55,45,,,
17.0,rsi_neutral^17^55^45,2026-03-01 23:00:00,2026-06-17 23:45:00,17.142,70.671,20.973,2.204,3.209,3.37,32.062,1.678,0.085,1273.0,43.755,1.426,48.757,0.0,26.038,1565.237,6.666,34.775,51.528,234.823,45.01,2.356,0.078,385.0,45.195,1.718,50.64,0.0,-5.268,-86.788,13.379,-3.373,-4.923,-6.487,25.729,1.347,0.086,349.0,41.547,1.229,47.826,0.0,-8.586,-163.859,10.672,-7.532,-10.667,-15.353,21.754,1.139,0.088,351.0,42.735,1.041,47.815,0.0,7.331,357.165,3.356,11.814,18.009,106.431,30.232,1.582,0.089,190.0,46.842,1.538,48.579,0.0,rsi_neutral,[17 55 45],55,45,,,
50.0,stoch_k_neutral^50^15^60^40,2026-03-01 23:00:00,2026-06-17 23:45:00,29.866,141.802,13.009,4.41,5.719,10.901,32.152,1.683,0.361,299.0,55.518,1.105,49.802,0.0,9.334,195.817,8.233,4.334,5.521,23.786,45.18,2.365,0.33,91.0,47.253,1.455,49.508,0.0,-1.343,-17.624,7.327,-0.684,-0.933,-2.405,25.753,1.348,0.366,82.0,51.22,0.901,48.292,0.0,6.122,101.355,5.531,4.618,6.626,18.325,21.945,1.149,0.361,86.0,62.791,0.824,50.416,0.0,13.442,1402.393,3.672,46.46,64.33,381.924,30.185,1.58,0.395,43.0,69.767,1.156,51.672,0.0,stoch_k_neutral,[50 15 60 40],15,60,40,,
250.0,stoch_k_neutral^250^125^60^40,2026-03-01 23:00:00,2026-06-17 23:45:00,58.301,372.044,8.333,11.575,15.159,44.647,32.142,1.682,2.92,37.0,70.27,2.313,50.367,0.0,31.157,2601.649,8.333,57.635,72.197,312.212,45.14,2.363,2.731,11.0,81.818,1.794,51.329,0.0,6.932,126.093,3.487,4.897,6.947,36.164,25.751,1.348,3.001,10.0,60.0,2.972,49.224,0.0,2.996,41.577,3.903,1.895,2.671,10.651,21.94,1.148,2.215,14.0,57.143,1.186,50.676,0.0,9.581,613.916,5.029,20.321,30.287,122.07,30.211,1.581,3.401,5.0,80.0,5.259,50.0,0.0,stoch_k_neutral,[250 125  60  40],125,60,40,,
220.0,stoch_d_neutral^220^176^198^55^45,2026-03-01 23:00:00,2026-06-17 23:45:00,26.537,121.491,18.458,3.778,4.818,6.582,32.157,1.683,3.274,33.0,60.606,1.504,49.845,0.0,2.376,33.022,16.771,0.731,0.9,1.969,45.196,2.366,3.338,9.0,33.333,2.474,49.508,0.0,9.509,202.085,3.88,7.848,11.86,52.089,25.749,1.348,4.286,7.0,100.0,100.0,49.638,0.0,8.012,147.889,4.278,6.743,9.68,34.568,21.932,1.148,2.385,13.0,61.538,1.451,50.52,0.0,4.493,157.095,8.257,5.196,6.707,19.025,30.231,1.582,2.429,7.0,71.429,1.98,49.582,0.0,stoch_d_neutral,[220 176 198  55  45],176,198,55,45,
20.0,stoch_d_neutral^20^10^6^55^45,2026-03-01 23:00:00,2026-06-17 23:45:00,57.737,366.392,7.579,11.41,16.508,48.341,32.111,1.681,0.193,559.0,54.383,1.28,50.791,0.0,30.966,2554.224,4.318,56.6,87.102,591.556,45.128,2.362,0.187,161.0,55.901,1.489,51.23,0.0,2.983,43.005,4.727,1.671,2.437,9.098,25.742,1.347,0.194,155.0,50.968,1.087,49.534,0.0,11.446,258.383,4.925,11.854,17.385,52.466,21.798,1.141,0.208,149.0,59.06,1.106,52.185,0.0,4.939,181.709,7.579,6.009,7.828,23.974,30.238,1.583,0.175,97.0,50.515,1.305,49.749,0.0,stoch_d_neutral,[20 10  6 55 45],10,6,55,45,
90.0,kdj_k_neutral^90^54^55^45,2026-03-01 23:00:00,2026-06-17 23:45:00,25.148,113.384,17.256,3.525,4.4,6.571,32.163,1.684,0.663,163.0,53.374,1.306,50.339,0.0,13.582,370.144,11.883,8.192,10.063,31.149,45.185,2.365,0.733,41.0,63.415,1.072,50.394,0.0,-0.49,-6.133,8.668,-0.238,-0.324,-0.708,25.759,1.348,0.612,49.0,46.939,1.119,48.965,0.0,3.362,47.612,4.932,2.166,2.904,9.653,21.977,1.15,0.633,49.0,55.102,1.058,51.197,0.0,7.122,338.48,5.389,11.202,14.192,62.809,30.216,1.582,0.63,27.0,48.148,2.357,51.003,0.0,kdj_k_neutral,[90 54 55 45],54,55,45,,
240.0,kdj_k_neutral^240^144^60^40,2026-03-01 23:00:00,2026-06-17 23:45:00,55.673,346.093,8.333,10.767,14.305,41.533,32.144,1.683,2.77,39.0,64.103,2.374,50.071,0.0,29.238,2158.645,8.333,47.813,60.916,259.049,45.147,2.363,2.731,11.0,72.727,1.834,50.984,0.0,9.555,203.656,3.179,7.91,11.372,64.063,25.747,1.348,2.5,12.0,66.667,2.528,49.275,0.0,0.101,1.191,4.568,0.054,0.078,0.261,21.941,1.148,2.215,14.0,50.0,1.043,49.948,0.0,9.831,649.747,5.029,21.508,32.145,129.195,30.209,1.581,3.401,5.0,80.0,215.543,49.916,0.0,kdj_k_neutral,[240 144  60  40],144,60,40,,
8.0,kdj_d_neutral^8^2^2^60^40,2026-03-01 23:00:00,2026-06-17 23:45:00,24.859,111.724,16.778,3.478,4.871,6.659,32.119,1.681,0.068,1587.0,52.867,1.009,50.522,0.0,28.365,1979.996,5.442,43.995,66.363,363.833,45.005,2.356,0.065,459.0,52.288,1.305,51.329,0.0,-9.94,-216.875,10.714,-8.423,-11.085,-20.241,25.749,1.348,0.073,413.0,49.395,0.816,48.395,0.0,-2.751,-37.661,5.822,-1.71,-2.221,-6.469,22.018,1.152,0.068,458.0,53.712,0.814,50.676,0.0,11.054,851.182,4.385,28.158,39.005,194.105,30.229,1.582,0.066,259.0,57.915,1.041,52.258,0.0,kdj_d_neutral,[ 8  2  2 60 40],2,2,60,40,
250.0,kdj_d_neutral^250^75^75^60^40,2026-03-01 23:00:00,2026-06-17 23:45:00,55.408,343.525,8.333,10.685,14.035,41.225,32.149,1.683,2.92,37.0,62.162,2.894,50.127,0.0,27.626,1838.995,8.333,40.721,51.124,220.689,45.161,2.364,2.731,11.0,63.636,3.722,50.787,0.0,6.844,123.824,4.353,4.808,6.797,28.443,25.755,1.348,3.334,9.0,66.667,2.146,49.224,0.0,3.172,44.453,3.769,2.026,2.937,11.793,21.94,1.148,2.215,14.0,50.0,1.604,50.416,0.0,10.46,747.594,5.029,24.749,37.075,148.651,30.207,1.581,3.401,5.0,80.0,2.902,49.916,0.0,kdj_d_neutral,[250  75  75  60  40],75,75,60,40,
70.0,smi_neutral^70^21^5.0^-5.0^EMA,2026-03-01 23:00:00,2026-06-17 23:45:00,22.806,100.19,22.137,3.116,3.972,4.526,32.157,1.683,0.632,171.0,56.14,1.109,50.071,0.0,13.191,350.825,14.967,7.764,9.58,23.44,45.185,2.365,0.613,49.0,63.265,1.071,50.246,0.0,-3.972,-60.656,11.623,-2.355,-3.163,-5.219,25.757,1.348,0.612,49.0,51.02,0.767,48.447,0.0,2.373,31.813,7.743,1.45,2.076,4.108,21.941,1.148,0.633,49.0,51.02,1.147,50.728,0.0,10.362,731.574,5.605,24.222,33.985,130.53,30.203,1.581,0.63,27.0,66.667,1.191,51.254,0.0,smi_neutral,[70 21 5.0 -5.0 'EMA'],21,5.0,-5.0,EMA,
250.0,smi_neutral^250^75^10.0^-10.0^EMA,2026-03-01 23:00:00,2026-06-17 23:45:00,68.141,478.726,8.333,14.895,19.698,57.45,32.14,1.682,2.92,37.0,67.568,2.838,50.169,0.0,37.061,4513.829,8.333,100.028,126.398,541.683,45.126,2.362,2.731,11.0,81.818,2.112,51.083,0.0,8.192,160.722,4.353,6.242,8.848,36.919,25.75,1.348,3.334,9.0,66.667,2.404,49.224,0.0,1.901,24.828,3.844,1.132,1.645,6.459,21.941,1.148,2.067,15.0,53.333,1.192,49.948,0.0,11.27,891.68,5.029,29.523,43.982,177.301,30.203,1.581,3.401,5.0,80.0,3.345,50.418,0.0,smi_neutral,[250 75 10.0 -10.0 'EMA'],75,10.0,-10.0,EMA,
60.0,smi_d_neutral^60^24^42^5.0^-5.0^EMA,2026-03-01 23:00:00,2026-06-17 23:45:00,21.105,90.973,17.629,2.829,3.403,5.161,32.157,1.683,0.761,142.0,51.408,1.368,50.734,0.0,-1.97,-26.753,15.925,-0.592,-0.701,-1.68,45.192,2.365,0.858,35.0,48.571,1.013,50.148,0.0,11.424,273.073,6.841,10.606,15.636,39.919,25.746,1.348,0.698,43.0,51.163,1.939,50.414,0.0,5.907,96.602,5.673,4.404,6.111,17.029,21.936,1.148,0.721,43.0,53.488,1.391,51.665,0.0,4.685,167.417,6.721,5.538,6.022,24.911,30.231,1.582,0.708,24.0,54.167,1.432,50.669,0.0,smi_d_neutral,[60 24 42 5.0 -5.0 'EMA'],24,42,5.0,-5.0,EMA
11.0,smi_d_neutral^11^8^8^10.0^-10.0^SMA,2026-03-01 23:00:00,2026-06-17 23:45:00,59.862,387.958,7.783,12.085,17.759,49.85,32.102,1.68,0.177,609.0,51.56,1.376,50.918,0.0,28.406,1988.044,6.785,44.053,67.197,292.985,45.129,2.362,0.172,175.0,50.286,1.668,50.591,0.0,3.686,55.36,7.365,2.153,2.825,7.516,25.707,1.346,0.188,160.0,53.125,1.004,51.294,0.0,13.213,331.316,3.648,15.193,23.769,90.832,21.807,1.141,0.185,168.0,52.381,1.439,51.353,0.0,6.051,253.303,4.921,8.38,14.024,51.473,30.228,1.582,0.156,109.0,49.541,1.38,50.084,0.0,smi_d_neutral,[11 8 8 10.0 -10.0 'SMA'],8,8,10.0,-10.0,SMA
29.0,rvi_neutral^29^5.0^-5.0^EMA,2026-03-01 23:00:00,2026-06-17 23:45:00,21.465,92.899,18.033,2.903,4.183,5.152,31.998,1.675,0.077,1397.0,45.311,1.357,49.322,0.0,23.289,1173.769,10.257,26.084,38.101,114.438,44.999,2.355,0.075,403.0,48.139,1.454,51.083,0.0,-4.484,-70.548,12.759,-2.76,-3.958,-5.529,25.563,1.338,0.084,359.0,43.454,1.172,48.965,0.0,-2.393,-32.112,5.866,-1.482,-2.147,-5.475,21.671,1.134,0.076,410.0,45.854,1.116,48.335,0.0,5.669,226.962,3.819,7.507,11.396,59.43,30.234,1.583,0.075,227.0,42.731,1.662,48.411,0.0,rvi_neutral,[29 5.0 -5.0 'EMA'],5.0,-5.0,EMA,,
50.0,rvi_neutral^50^5.0^-5.0^SMA,2026-03-01 23:00:00,2026-06-17 23:45:00,33.844,167.752,11.242,5.218,6.789,14.922,32.148,1.683,0.132,819.0,48.84,1.339,49.732,0.0,14.035,393.427,11.242,8.71,10.905,34.997,45.169,2.364,0.131,229.0,48.472,1.424,50.098,0.0,7.027,128.535,3.606,4.995,6.439,35.647,25.733,1.347,0.125,240.0,50.0,1.278,50.104,0.0,3.769,54.612,4.881,2.487,3.801,11.189,21.956,1.149,0.142,219.0,46.575,1.32,49.48,0.0,5.685,227.989,3.078,7.541,11.861,74.062,30.234,1.583,0.127,134.0,50.0,1.318,48.913,0.0,rvi_neutral,[50 5.0 -5.0 'SMA'],5.0,-5.0,SMA,,
8.0,rvi_signal_neutral^8^2^10.0^-10.0^EMA,2026-03-01 23:00:00,2026-06-17 23:45:00,19.567,82.905,12.293,2.605,3.776,6.744,31.822,1.666,0.057,1911.0,50.445,1.073,49.986,0.0,21.961,1016.685,6.804,22.587,34.967,149.417,45.011,2.356,0.055,551.0,50.091,1.275,50.295,0.0,-2.875,-41.198,6.718,-1.616,-2.244,-6.132,25.5,1.335,0.059,505.0,51.089,0.91,49.845,0.0,-2.486,-33.544,7.107,-1.55,-2.14,-4.72,21.645,1.133,0.057,547.0,51.737,0.892,49.896,0.0,3.518,110.17,5.776,3.781,5.386,19.074,29.136,1.525,0.055,310.0,47.419,1.239,49.833,0.0,rvi_signal_neutral,[8 2 10.0 -10.0 'EMA'],2,10.0,-10.0,EMA,
40.0,rvi_signal_neutral^40^20^5.0^-5.0^SMA,2026-03-01 23:00:00,2026-06-17 23:45:00,48.083,276.771,10.401,8.611,11.244,26.611,32.142,1.682,0.507,213.0,56.338,1.339,50.169,0.0,12.405,314.218,10.401,6.957,8.604,30.211,45.169,2.364,0.423,71.0,52.113,1.419,49.951,0.0,15.648,486.727,3.046,18.92,26.751,159.777,25.725,1.347,0.5,60.0,63.333,1.547,50.828,0.0,1.436,18.29,6.83,0.833,1.221,2.678,21.947,1.149,0.564,55.0,52.727,0.985,49.272,0.0,12.305,1109.995,4.697,36.757,59.837,236.314,30.198,1.581,0.567,30.0,60.0,1.687,50.92,0.0,rvi_signal_neutral,[40 20 5.0 -5.0 'SMA'],20,5.0,-5.0,SMA,
220.0,mass_higher1^220^154,2026-03-01 23:00:00,2026-06-17 23:45:00,5.939,21.521,15.71,0.669,0.888,1.37,32.161,1.683,3.274,33.0,66.667,0.663,50.494,0.0,-8.941,-183.16,15.71,-4.053,-5.153,-11.658,45.191,2.365,3.338,9.0,55.556,0.364,51.821,0.0,7.337,136.72,5.732,5.309,7.728,23.852,25.752,1.348,3.001,10.0,90.0,0.487,49.896,0.0,3.046,42.399,5.017,1.932,2.715,8.452,21.941,1.148,2.819,11.0,45.455,2.057,50.26,0.0,5.187,196.338,7.367,6.495,10.859,26.653,30.228,1.582,2.834,6.0,66.667,2.991,49.582,0.0,mass_higher1,[220 154],154,,,,
220.0,mass_higher1^220^88,2026-03-01 23:00:00,2026-06-17 23:45:00,19.295,81.503,15.123,2.534,3.39,5.389,32.16,1.683,2.401,45.0,68.889,0.827,50.551,0.0,-3.474,-51.444,15.123,-1.138,-1.454,-3.402,45.196,2.366,3.338,9.0,66.667,0.382,51.673,0.0,12.729,329.843,5.659,12.812,18.973,58.283,25.744,1.348,1.667,18.0,72.222,1.499,50.518,0.0,1.261,15.902,6.886,0.725,0.997,2.309,21.942,1.149,2.819,11.0,54.545,1.011,50.26,0.0,8.271,451.362,5.641,14.935,26.206,80.012,30.222,1.582,1.7,10.0,70.0,2.811,49.164,0.0,mass_higher1,[220  88],88,,,,
80.0,mass_lower1^80^32,2026-03-01 23:00:00,2026-06-17 23:45:00,17.251,71.207,12.796,2.214,2.869,5.565,32.155,1.683,1.187,91.0,53.846,1.207,49.576,0.0,5.27,86.678,8.333,1.918,2.423,10.402,45.191,2.365,1.431,21.0,52.381,1.331,49.065,0.0,-5.029,-81.689,11.245,-3.172,-4.05,-7.264,25.751,1.348,1.072,28.0,53.571,0.607,49.172,0.0,8.725,167.862,4.164,7.656,11.604,40.312,21.926,1.148,1.034,30.0,60.0,1.439,49.74,0.0,7.86,408.097,5.11,13.507,20.666,79.863,30.215,1.582,1.134,15.0,53.333,1.835,50.753,0.0,mass_lower1,[80 32],32,,,,
110.0,mass_lower1^110^99,2026-03-01 23:00:00,2026-06-17 23:45:00,24.996,112.511,9.418,3.499,4.424,11.946,32.157,1.683,2.251,48.0,52.083,1.761,49.944,0.0,16.308,527.206,9.418,11.67,14.91,55.978,45.178,2.365,3.338,9.0,55.556,2.432,49.705,0.0,2.103,28.824,8.139,1.119,1.503,3.542,25.761,1.348,2.5,12.0,41.667,1.804,48.913,0.0,7.78,141.684,4.101,6.46,9.506,34.545,21.933,1.148,1.632,19.0,63.158,1.56,50.832,0.0,-2.343,-64.482,5.637,-2.133,-2.416,-11.439,30.234,1.583,1.546,11.0,45.455,0.777,50.502,0.0,mass_lower1,[110  99],99,,,,
55.0,adx_higher_threshold^55.0^35.0,2026-03-01 23:00:00,2026-06-17 23:45:00,22.559,98.832,16.81,3.073,3.914,5.879,32.157,1.683,36.016,3.0,100.0,100.0,49.944,0.0,13.045,343.842,13.283,7.61,9.411,25.886,45.184,2.365,10.015,3.0,66.667,3.535,50.492,0.0,1.272,16.629,6.362,0.646,0.956,2.614,25.76,1.348,30.005,1.0,100.0,100.0,48.499,0.0,1.08,13.488,5.478,0.615,0.825,2.462,21.941,1.148,31.006,1.0,100.0,100.0,50.624,0.0,5.908,243.206,8.068,8.046,10.379,30.143,30.226,1.582,17.004,1.0,100.0,100.0,50.167,0.0,adx_higher_threshold,[55. 35.],35.0,,,,
130.0,adx_higher_threshold^130.0^25.0,2026-03-01 23:00:00,2026-06-17 23:45:00,50.425,297.288,12.735,9.248,13.397,23.345,32.147,1.683,21.609,5.0,100.0,100.0,50.113,0.0,38.748,5253.564,9.035,116.436,182.019,581.465,45.12,2.362,6.009,5.0,80.0,1.795,51.083,0.0,1.272,16.629,6.362,0.646,0.956,2.614,25.76,1.348,30.005,1.0,100.0,100.0,48.499,0.0,1.08,13.488,5.478,0.615,0.825,2.462,21.941,1.148,31.006,1.0,100.0,100.0,50.624,0.0,5.908,243.206,8.068,8.046,10.379,30.143,30.226,1.582,17.004,1.0,100.0,100.0,50.167,0.0,adx_higher_threshold,[130.  25.],25.0,,,,
10.0,adx_lower_threshold^10.0^15.0,2026-03-01 23:00:00,2026-06-17 23:45:00,22.572,98.902,15.769,3.076,3.938,6.272,32.158,1.683,0.825,131.0,52.672,1.437,49.944,0.0,12.699,327.614,12.932,7.25,9.058,25.334,45.188,2.365,1.036,29.0,41.379,2.978,50.394,0.0,3.101,45.021,5.573,1.748,2.585,8.079,25.757,1.348,1.111,27.0,70.37,0.656,48.81,0.0,0.073,0.868,4.869,0.04,0.053,0.178,21.94,1.148,0.544,57.0,50.877,0.987,50.416,0.0,5.409,210.085,8.512,6.95,8.996,24.68,30.226,1.582,0.81,21.0,57.143,1.224,50.167,0.0,adx_lower_threshold,[10. 15.],15.0,,,,
6.0,adx_lower_threshold^6.0^15.0,2026-03-01 23:00:00,2026-06-17 23:45:00,35.265,177.477,11.497,5.52,7.902,15.437,32.15,1.683,1.896,57.0,52.632,1.989,49.929,0.0,22.824,1116.6,7.829,24.727,38.027,142.616,45.158,2.364,1.581,19.0,42.105,4.282,50.295,0.0,1.654,22.099,6.275,0.858,1.271,3.522,25.758,1.348,2.0,15.0,46.667,1.616,48.551,0.0,1.79,23.238,5.215,1.059,1.421,4.456,21.941,1.148,1.824,17.0,70.588,0.541,50.676,0.0,6.43,281.426,7.737,9.311,12.013,36.375,30.224,1.582,1.889,9.0,66.667,1.028,50.251,0.0,adx_lower_threshold,[ 6. 15.],15.0,,,,
110.0,atr_fast_higher_slow^110^286,2026-03-01 23:00:00,2026-06-17 23:45:00,7.005,25.705,14.516,0.8,1.064,1.771,32.143,1.682,1.286,84.0,52.381,1.094,50.579,0.0,-3.854,-58.339,13.756,-1.291,-1.636,-4.241,45.193,2.366,2.311,13.0,38.462,1.181,51.969,0.0,6.803,122.794,8.428,4.769,7.012,14.57,25.749,1.348,1.111,27.0,66.667,0.956,50.104,0.0,1.219,15.338,8.688,0.702,0.993,1.765,21.858,1.144,0.912,34.0,44.118,1.404,50.624,0.0,2.957,87.011,9.849,2.878,4.826,8.835,30.236,1.583,1.308,13.0,61.538,0.995,48.913,0.0,atr_fast_higher_slow,[110 286],286,,,,
210.0,atr_fast_higher_slow^210^546,2026-03-01 23:00:00,2026-06-17 23:45:00,12.603,49.34,12.751,1.534,2.066,3.87,32.161,1.683,2.77,39.0,53.846,1.561,50.466,0.0,1.031,13.272,12.751,0.294,0.381,1.041,45.196,2.366,6.009,5.0,20.0,4.333,51.821,0.0,1.272,16.629,6.362,0.646,0.956,2.614,25.76,1.348,30.005,1.0,100.0,100.0,48.499,0.0,3.821,55.527,5.482,2.531,3.416,10.129,21.941,1.148,1.148,27.0,55.556,1.144,51.821,0.0,6.002,249.838,7.239,8.264,14.078,34.511,30.23,1.582,1.889,9.0,66.667,5.873,49.08,0.0,atr_fast_higher_slow,[210 546],546,,,,
50.0,atr_fast_lower_slow^50^100,2026-03-01 23:00:00,2026-06-17 23:45:00,21.594,93.592,11.32,2.91,3.687,8.268,32.157,1.683,0.693,156.0,53.846,1.268,49.365,0.0,14.112,397.536,8.333,8.799,11.234,47.706,45.177,2.365,1.306,23.0,56.522,2.137,49.508,0.0,-4.208,-65.142,10.042,-2.529,-3.316,-6.487,25.758,1.348,0.588,51.0,45.098,0.934,48.085,0.0,6.744,115.696,4.452,5.273,7.616,25.987,21.942,1.148,0.5,62.0,56.452,1.292,50.052,0.0,4.207,142.355,5.233,4.709,5.573,27.204,30.229,1.582,0.773,22.0,59.091,1.038,50.084,0.0,atr_fast_lower_slow,[ 50 100],100,,,,
40.0,atr_fast_lower_slow^40^88,2026-03-01 23:00:00,2026-06-17 23:45:00,31.488,152.162,9.944,4.732,6.141,15.303,32.156,1.683,0.543,199.0,50.251,1.536,49.252,0.0,22.093,1031.489,8.333,22.837,28.959,123.784,45.167,2.364,0.835,36.0,58.333,2.339,50.098,0.0,-3.415,-50.493,9.944,-1.961,-2.54,-5.078,25.749,1.348,0.492,61.0,49.18,0.86,48.033,0.0,4.729,72.332,5.424,3.295,4.837,13.336,21.952,1.149,0.425,73.0,43.836,1.716,49.74,0.0,6.471,284.591,5.223,9.416,13.456,54.484,30.226,1.582,0.531,32.0,56.25,1.306,48.997,0.0,atr_fast_lower_slow,[40 88],88,,,,
12.0,skew_positive^12^EMA,2026-03-01 23:00:00,2026-06-17 23:45:00,25.273,114.103,14.266,3.554,5.256,7.998,32.106,1.681,0.093,1166.0,46.655,1.303,48.913,0.0,30.006,2327.316,7.973,51.634,80.098,291.897,45.074,2.359,0.094,321.0,52.025,1.375,49.754,0.0,2.972,42.83,6.175,1.668,2.532,6.937,25.679,1.344,0.092,326.0,46.012,1.263,48.861,0.0,-9.057,-177.645,11.276,-8.106,-12.339,-15.754,21.914,1.147,0.098,317.0,41.325,1.124,47.815,0.0,2.899,84.778,7.676,2.805,3.647,11.045,30.227,1.582,0.083,204.0,48.039,1.191,49.331,0.0,skew_positive,"[12, 'EMA']",EMA,,,,
70.0,skew_positive^70^EMA,2026-03-01 23:00:00,2026-06-17 23:45:00,33.833,167.68,13.365,5.215,6.565,12.546,32.154,1.683,0.519,208.0,51.442,1.369,49.873,0.0,12.232,306.542,13.365,6.785,8.486,22.936,45.182,2.365,0.423,71.0,49.296,1.532,49.311,0.0,13.499,367.0,4.963,14.257,20.915,73.953,25.742,1.347,0.556,54.0,59.259,1.317,50.052,0.0,4.328,64.708,7.212,2.949,4.033,8.972,21.943,1.149,0.62,50.0,44.0,1.651,50.312,0.0,0.713,16.479,4.656,0.545,0.635,3.539,30.235,1.583,0.472,36.0,52.778,0.95,49.833,0.0,skew_positive,"[70, 'EMA']",EMA,,,,
20.0,skew_negative^20^EMA,2026-03-01 23:00:00,2026-06-17 23:45:00,5.981,21.686,11.589,0.673,0.864,1.871,32.239,1.687,0.152,709.0,55.148,0.854,50.692,0.0,6.554,116.306,11.589,2.562,3.399,10.036,45.389,2.376,0.142,212.0,52.83,1.01,50.738,0.0,1.783,23.991,5.452,0.931,1.221,4.4,25.773,1.349,0.155,193.0,54.922,0.872,50.466,0.0,-1.367,-17.338,5.974,-0.789,-1.079,-2.902,21.964,1.15,0.174,178.0,56.18,0.749,50.52,0.0,-0.923,-21.82,5.588,-0.723,-0.863,-3.905,30.192,1.58,0.134,127.0,57.48,0.718,51.254,0.0,skew_negative,"[20, 'EMA']",EMA,,,,
25.0,skew_negative^25^EMA,2026-03-01 23:00:00,2026-06-17 23:45:00,12.946,50.882,12.27,1.592,2.104,4.147,31.954,1.673,0.185,585.0,55.214,0.898,50.551,0.0,4.69,74.546,11.026,1.65,2.285,6.761,45.18,2.365,0.173,174.0,55.172,0.896,50.098,0.0,13.137,349.156,3.936,13.662,20.176,88.699,25.557,1.338,0.201,149.0,61.074,0.976,50.569,0.0,3.741,54.131,6.101,2.467,3.56,8.873,21.942,1.148,0.185,168.0,54.167,0.965,51.145,0.0,-8.085,-431.414,9.976,-14.815,-16.023,-43.247,29.12,1.524,0.175,97.0,48.454,0.704,50.251,0.0,skew_negative,"[25, 'EMA']",EMA,,,,
16.0,convexity_higher1^16^EMA,2026-03-01 23:00:00,2026-06-17 23:45:00,-18.99,-79.936,24.594,-2.486,-3.197,-3.25,32.157,1.683,8.311,13.0,38.462,0.587,49.223,0.0,-11.266,-266.022,23.787,-5.887,-7.727,-11.183,45.186,2.365,4.292,7.0,57.143,0.323,49.213,0.0,-1.915,-25.964,7.727,-1.008,-1.257,-3.36,25.76,1.348,10.002,3.0,33.333,1.182,50.414,0.0,-1.0,-12.431,7.494,-0.567,-0.861,-1.659,21.94,1.148,6.201,5.0,60.0,0.5,48.647,0.0,-5.98,-248.236,11.389,-8.213,-10.3,-21.797,30.226,1.582,17.004,1.0,0.0,0.0,48.244,0.0,convexity_higher1,"[16, 'EMA']",EMA,,,,
6.0,convexity_higher1^6^SMA,2026-03-01 23:00:00,2026-06-17 23:45:00,-6.947,-25.474,20.118,-0.794,-1.063,-1.266,32.085,1.679,0.089,1217.0,48.069,1.046,48.997,0.0,-6.353,-111.406,20.118,-2.466,-3.392,-5.538,45.169,2.364,0.082,366.0,48.361,0.982,49.311,0.0,-3.918,-59.647,8.56,-2.334,-2.993,-6.968,25.556,1.338,0.084,359.0,47.632,1.006,49.275,0.0,6.273,104.738,4.987,4.801,7.674,21.001,21.814,1.142,0.098,315.0,49.206,1.238,49.116,0.0,-2.684,-76.66,9.362,-2.534,-3.307,-8.189,30.25,1.583,0.095,179.0,46.369,1.05,47.826,0.0,convexity_higher1,"[6, 'SMA']",SMA,,,,
12.0,convexity_lower1^12^EMA,2026-03-01 23:00:00,2026-06-17 23:45:00,22.296,97.397,16.717,3.029,3.849,5.826,32.157,1.683,2.401,45.0,62.222,1.366,50.0,0.0,12.468,317.072,12.673,7.017,8.662,25.02,45.185,2.365,2.311,13.0,69.231,1.759,50.541,0.0,1.139,14.779,6.913,0.574,0.844,2.138,25.756,1.348,2.308,13.0,76.923,0.399,48.654,0.0,1.39,17.651,5.833,0.804,1.082,3.026,21.941,1.148,2.067,15.0,46.667,1.494,50.572,0.0,6.038,252.39,8.266,8.35,10.763,30.532,30.226,1.582,2.429,7.0,71.429,0.987,50.251,0.0,convexity_lower1,"[12, 'EMA']",EMA,,,,
